Time;durP1;ratioP1;P1;durP2;ratioP2;P2;SDS_P1;SDS_P2;PMS_P1;PMS_P2;Temp;Humidity;BMP_temperature;BMP_pressure;BME280_temperature;BME280_humidity;BME280_pressure;Samples;Min_cycle;Max_cycle;Signal;HPM_P1;HPM_P2
2026/01/29 00:01:27;;;;;;;67.32;20.20;;;;;;;4.57;100.00;160003.34;5309596;27;20001;-66
2026/01/29 00:03:53;;;;;;;76.93;19.92;;;;;;;4.54;100.00;159996.72;5309527;27;19997;-67
2026/01/29 00:06:19;;;;;;;76.65;21.17;;;;;;;4.56;100.00;160000.72;5309574;27;19998;-67
2026/01/29 00:08:44;;;;;;;68.18;18.05;;;;;;;4.56;100.00;160002.03;5309281;26;20008;-66
2026/01/29 00:11:10;;;;;;;73.22;19.95;;;;;;;4.50;100.00;159984.75;5309512;27;20333;-66
2026/01/29 00:13:37;;;;;;;80.13;20.67;;;;;;;4.54;100.00;159995.38;5309017;26;19994;-66
2026/01/29 00:16:02;;;;;;;69.20;19.63;;;;;;;4.56;100.00;160002.03;5315064;26;20434;-66
2026/01/29 00:18:28;;;;;;;62.83;17.63;;;;;;;4.58;100.00;160006.03;5343854;26;20016;-65
2026/01/29 00:20:54;;;;;;;65.68;20.20;;;;;;;4.59;100.00;160007.34;5319528;26;20399;-66
2026/01/29 00:23:20;;;;;;;70.05;19.80;;;;;;;4.55;100.00;159998.03;5309359;27;20002;-66
2026/01/29 00:25:46;;;;;;;76.85;19.90;;;;;;;4.49;100.00;159983.41;5309625;27;19997;-65
2026/01/29 00:28:12;;;;;;;69.47;19.75;;;;;;;4.54;100.00;159996.72;5309439;27;20341;-65
2026/01/29 00:30:38;;;;;;;69.82;17.90;;;;;;;4.57;100.00;160003.34;5309462;27;20002;-67
2026/01/29 00:33:04;;;;;;;69.70;19.23;;;;;;;4.61;100.00;160014.00;5309044;26;20001;-66
2026/01/29 00:35:29;;;;;;;70.20;19.30;;;;;;;4.57;100.00;160004.66;5308911;26;20001;-67
2026/01/29 00:37:55;;;;;;;76.55;19.88;;;;;;;4.53;100.00;159994.00;5309283;27;20349;-67
2026/01/29 00:40:21;;;;;;;59.42;18.13;;;;;;;4.56;100.00;160000.72;5309157;26;19997;-67
2026/01/29 00:42:47;;;;;;;67.30;18.63;;;;;;;4.56;100.00;160000.72;5309062;27;19994;-66
2026/01/29 00:45:13;;;;;;;70.75;19.75;;;;;;;4.58;100.00;160006.03;5308333;26;19998;-66
2026/01/29 00:47:39;;;;;;;68.72;19.65;;;;;;;4.62;100.00;160016.63;5309071;27;20001;-67
2026/01/29 00:50:05;;;;;;;70.20;19.73;;;;;;;4.66;100.00;160027.28;5309130;27;20356;-66
2026/01/29 00:52:30;;;;;;;69.60;19.85;;;;;;;4.66;100.00;160027.28;5309111;27;20012;-65
2026/01/29 00:54:56;;;;;;;69.32;19.70;;;;;;;4.69;100.00;160033.94;5308941;27;20002;-67
2026/01/29 00:57:22;;;;;;;76.88;19.33;;;;;;;4.70;100.00;160037.94;5308619;27;20001;-66
2026/01/29 00:59:48;;;;;;;62.55;18.20;;;;;;;4.68;100.00;160032.59;5309627;27;19998;-67
2026/01/29 01:02:14;;;;;;;75.47;19.20;;;;;;;4.65;100.00;160024.66;5311406;27;20463;-67
2026/01/29 01:04:40;;;;;;;76.80;18.73;;;;;;;4.61;100.00;160012.69;5311444;27;20016;-66
2026/01/29 01:07:06;;;;;;;72.40;19.50;;;;;;;4.61;100.00;160014.00;5311303;26;20002;-66
2026/01/29 01:09:32;;;;;;;65.60;19.30;;;;;;;4.63;100.00;160019.31;5311832;27;20002;-67
2026/01/29 01:11:57;;;;;;;70.75;20.30;;;;;;;4.62;100.00;160016.63;5311914;27;20013;-67
2026/01/29 01:14:23;;;;;;;70.60;20.38;;;;;;;4.63;100.00;160018.00;5311653;26;20013;-67
2026/01/29 01:16:49;;;;;;;66.68;18.40;;;;;;;4.64;100.00;160021.97;5311600;27;20002;-66
2026/01/29 01:19:15;;;;;;;71.68;19.48;;;;;;;4.67;100.00;160029.97;5311833;27;20021;-67
2026/01/29 01:21:41;;;;;;;67.50;18.13;;;;;;;4.70;100.00;160036.63;5311847;27;20002;-67
2026/01/29 01:24:07;;;;;;;71.25;19.42;;;;;;;4.69;100.00;160035.28;5311929;27;20001;-67
2026/01/29 01:26:33;;;;;;;67.97;19.90;;;;;;;4.71;100.00;160040.63;5311632;27;20348;-68
2026/01/29 01:28:59;;;;;;;68.30;18.20;;;;;;;4.74;100.00;160048.59;5316302;26;19998;-67
2026/01/29 01:31:24;;;;;;;73.15;20.63;;;;;;;4.78;100.00;160057.91;5311606;27;20356;-67
2026/01/29 01:33:50;;;;;;;75.00;20.73;;;;;;;4.77;100.00;160055.22;5311452;27;19997;-67
2026/01/29 01:36:16;;;;;;;76.95;19.83;;;;;;;4.77;100.00;160055.22;5311773;27;20001;-67
2026/01/29 01:38:42;;;;;;;74.55;19.65;;;;;;;4.76;100.00;160052.59;5310680;26;19998;-67
2026/01/29 01:41:08;;;;;;;62.42;19.48;;;;;;;4.78;100.00;160059.25;5311287;27;20017;-66
2026/01/29 01:43:34;;;;;;;66.53;19.63;;;;;;;4.80;100.00;160061.88;5311212;26;19997;-66
2026/01/29 01:46:00;;;;;;;60.35;17.80;;;;;;;4.82;100.00;160067.19;5311555;27;19994;-67
2026/01/29 01:48:26;;;;;;;69.95;19.45;;;;;;;4.82;100.00;160067.19;5311285;26;20009;-67
2026/01/29 01:50:52;;;;;;;62.63;17.75;;;;;;;4.84;100.00;160072.53;5311502;27;20016;-68
2026/01/29 01:53:17;;;;;;;59.78;18.95;;;;;;;4.84;100.00;160072.53;5311503;27;20009;-67
2026/01/29 01:55:43;;;;;;;68.25;19.38;;;;;;;4.84;100.00;160072.53;5311359;27;20002;-68
2026/01/29 01:58:09;;;;;;;60.75;17.75;;;;;;;4.85;100.00;160076.53;5311421;27;20456;-68
2026/01/29 02:00:35;;;;;;;62.28;18.40;;;;;;;4.87;100.00;160080.50;5311587;27;20044;-68
2026/01/29 02:03:01;;;;;;;68.82;21.27;;;;;;;4.89;100.00;160085.81;5310988;26;20009;-68
2026/01/29 02:05:27;;;;;;;74.85;20.50;;;;;;;4.89;100.00;160085.81;5310664;26;20002;-67
2026/01/29 02:07:53;;;;;;;62.97;19.55;;;;;;;4.90;100.00;160088.50;5311156;27;20002;-67
2026/01/29 02:10:19;;;;;;;65.00;17.88;;;;;;;4.88;100.00;160084.50;5311193;27;19997;-66
2026/01/29 02:12:45;;;;;;;75.32;20.40;;;;;;;4.87;100.00;160081.84;5310247;27;19994;-68
2026/01/29 02:15:10;;;;;;;72.55;20.65;;;;;;;4.87;100.00;160080.50;5310439;26;20341;-68
2026/01/29 02:17:36;;;;;;;70.38;18.58;;;;;;;4.88;100.00;160084.50;5310473;27;20061;-67
2026/01/29 02:20:05;;;;;;;65.88;19.05;;;;;;;4.90;100.00;160088.50;5327904;26;20455;-68
2026/01/29 02:22:31;;;;;;;75.18;20.60;;;;;;;4.89;100.00;160087.19;5326717;26;20020;-68
2026/01/29 02:24:57;;;;;;;76.15;20.83;;;;;;;4.88;100.00;160084.50;5311046;27;20408;-67
2026/01/29 02:27:23;;;;;;;87.57;22.00;;;;;;;4.87;100.00;160080.50;5310625;27;20425;-67
2026/01/29 02:29:48;;;;;;;74.18;19.73;;;;;;;4.88;100.00;160084.50;5310998;27;20009;-67
2026/01/29 02:32:15;;;;;;;69.88;18.83;;;;;;;4.87;100.00;160081.84;5311008;27;19998;-67
2026/01/29 02:34:41;;;;;;;65.72;18.75;;;;;;;4.87;100.00;160081.84;5310847;26;20005;-67
2026/01/29 02:37:07;;;;;;;73.88;21.20;;;;;;;4.90;100.00;160088.50;5309733;26;20016;-67
2026/01/29 02:39:33;;;;;;;69.18;20.08;;;;;;;4.87;100.00;160080.50;5310160;27;20013;-68
2026/01/29 02:41:59;;;;;;;62.50;18.73;;;;;;;4.86;100.00;160077.84;5310769;27;19994;-68
2026/01/29 02:44:25;;;;;;;74.20;21.63;;;;;;;4.81;100.00;160064.56;5310827;27;20460;-67
2026/01/29 02:46:51;;;;;;;72.70;21.80;;;;;;;4.78;100.00;160059.25;5310798;27;19997;-66
2026/01/29 02:49:16;;;;;;;68.00;20.85;;;;;;;4.77;100.00;160056.56;5310678;27;20332;-67
2026/01/29 02:51:42;;;;;;;77.43;22.25;;;;;;;4.78;100.00;160057.91;5310743;27;19997;-67
2026/01/29 02:54:08;;;;;;;80.32;24.38;;;;;;;4.75;100.00;160051.22;5309945;27;20388;-67
2026/01/29 02:56:34;;;;;;;75.68;20.45;;;;;;;4.77;100.00;160055.22;5310671;27;19998;-65
2026/01/29 02:59:00;;;;;;;66.68;19.50;;;;;;;4.80;100.00;160063.19;5310500;26;20407;-67
2026/01/29 03:01:26;;;;;;;75.57;21.67;;;;;;;4.81;100.00;160064.56;5310606;27;20009;-67
2026/01/29 03:03:52;;;;;;;75.05;22.33;;;;;;;4.83;100.00;160069.88;5310553;27;20008;-67
2026/01/29 03:06:18;;;;;;;74.93;19.73;;;;;;;4.85;100.00;160075.22;5310660;27;20008;-67
2026/01/29 03:08:44;;;;;;;76.10;20.95;;;;;;;4.82;100.00;160068.53;5310430;27;19997;-67
2026/01/29 03:11:09;;;;;;;62.55;18.95;;;;;;;4.82;100.00;160068.53;5309534;26;19998;-67
2026/01/29 03:13:35;;;;;;;66.32;19.52;;;;;;;4.82;100.00;160067.19;5310371;27;20348;-68
2026/01/29 03:16:01;;;;;;;76.05;20.95;;;;;;;4.83;100.00;160069.88;5310328;27;19994;-67
2026/01/29 03:18:27;;;;;;;74.38;20.80;;;;;;;4.83;100.00;160071.22;5310226;27;20012;-68
2026/01/29 03:20:53;;;;;;;72.78;20.45;;;;;;;4.86;100.00;160079.16;5310734;27;20001;-67
2026/01/29 03:23:19;;;;;;;75.90;21.70;;;;;;;4.87;100.00;160081.84;5310046;27;20483;-66
2026/01/29 03:25:45;;;;;;;71.70;21.92;;;;;;;4.87;100.00;160080.50;5310254;27;20001;-68
2026/01/29 03:28:11;;;;;;;76.05;22.67;;;;;;;4.85;100.00;160075.22;5309572;26;20002;-68
2026/01/29 03:30:36;;;;;;;71.88;20.85;;;;;;;4.87;100.00;160081.84;5310200;27;20002;-68
2026/01/29 03:33:02;;;;;;;65.63;21.23;;;;;;;4.87;100.00;160081.84;5310079;27;20002;-68
2026/01/29 03:35:30;;;;;;;65.35;20.20;;;;;;;4.88;100.00;160083.19;5311382;26;20201;-68
2026/01/29 03:37:57;;;;;;;64.22;19.52;;;;;;;4.87;100.00;160081.84;5309605;27;20024;-67
2026/01/29 03:40:23;;;;;;;74.80;20.45;;;;;;;4.86;100.00;160077.84;5309520;26;20034;-68
2026/01/29 03:42:49;;;;;;;61.08;20.55;;;;;;;4.86;100.00;160077.84;5309727;26;19998;-66
2026/01/29 03:45:14;;;;;;;66.13;20.15;;;;;;;4.84;100.00;160072.53;5310010;27;20001;-65
2026/01/29 03:47:40;;;;;;;68.22;21.13;;;;;;;4.80;100.00;160061.88;5309763;27;20017;-65
2026/01/29 03:50:06;;;;;;;73.70;22.55;;;;;;;4.78;100.00;160057.91;5309919;27;20008;-66
2026/01/29 03:52:32;;;;;;;65.75;20.27;;;;;;;4.77;100.00;160056.56;5309337;26;20369;-62
2026/01/29 03:54:58;;;;;;;61.85;20.98;;;;;;;4.74;100.00;160048.59;5309693;27;20008;-63
2026/01/29 03:57:24;;;;;;;58.58;18.40;;;;;;;4.77;100.00;160056.56;5308907;27;19998;-64
2026/01/29 03:59:50;;;;;;;67.85;20.40;;;;;;;4.76;100.00;160053.91;5309718;27;20002;-64
2026/01/29 04:02:16;;;;;;;71.97;22.17;;;;;;;4.69;100.00;160033.94;5309115;27;20013;-64
2026/01/29 04:04:42;;;;;;;61.75;20.05;;;;;;;4.67;100.00;160028.59;5308285;26;20002;-63
2026/01/29 04:07:08;;;;;;;59.88;20.08;;;;;;;4.62;100.00;160016.63;5308065;27;19998;-62
2026/01/29 04:09:33;;;;;;;62.67;19.52;;;;;;;4.62;100.00;160016.63;5309115;26;19997;-64
2026/01/29 04:11:59;;;;;;;59.78;19.25;;;;;;;4.65;100.00;160023.31;5309469;27;20013;-64
2026/01/29 04:14:25;;;;;;;58.78;19.00;;;;;;;4.64;100.00;160021.97;5309554;27;20001;-64
2026/01/29 04:16:51;;;;;;;59.97;20.75;;;;;;;4.69;100.00;160033.94;5308276;26;20005;-64
2026/01/29 04:19:17;;;;;;;54.40;19.40;;;;;;;4.70;100.00;160036.63;5309174;27;20017;-64
2026/01/29 04:21:43;;;;;;;59.25;19.58;;;;;;;4.71;100.00;160040.63;5308039;27;19998;-65
2026/01/29 04:24:09;;;;;;;50.20;17.85;;;;;;;4.72;100.00;160043.25;5308755;27;20548;-65
2026/01/29 04:26:35;;;;;;;58.10;20.52;;;;;;;4.72;100.00;160043.25;5308906;27;19998;-63
2026/01/29 04:29:01;;;;;;;55.28;20.00;;;;;;;4.71;100.00;160039.25;5309527;27;19997;-64
2026/01/29 04:31:26;;;;;;;55.38;18.58;;;;;;;4.66;100.00;160025.97;5309219;27;20425;-64
2026/01/29 04:33:52;;;;;;;56.10;20.17;;;;;;;4.64;100.00;160020.63;5309197;27;20001;-64
2026/01/29 04:36:18;;;;;;;45.85;18.23;;;;;;;4.60;100.00;160011.31;5311318;26;20452;-64
2026/01/29 04:38:44;;;;;;;58.50;19.90;;;;;;;4.47;100.00;159976.72;5312062;27;20008;-65
2026/01/29 04:41:10;;;;;;;56.15;19.15;;;;;;;4.42;100.00;159963.44;5311747;27;20008;-65
2026/01/29 04:43:37;;;;;;;54.92;19.55;;;;;;;4.41;100.00;159962.13;5311020;26;19998;-64
2026/01/29 04:46:04;;;;;;;52.05;19.13;;;;;;;4.44;100.00;159970.09;5311411;27;20067;-66
2026/01/29 04:48:30;;;;;;;50.88;17.73;;;;;;;4.44;100.00;159970.09;5311032;26;20008;-65
2026/01/29 04:50:56;;;;;;;48.13;17.73;;;;;;;4.39;100.00;159955.47;5311875;26;20473;-65
2026/01/29 04:53:22;;;;;;;55.42;19.10;;;;;;;4.39;100.00;159956.81;5311273;26;20013;-65
2026/01/29 04:55:48;;;;;;;52.88;18.17;;;;;;;4.39;100.00;159955.47;5311924;27;20436;-64
2026/01/29 04:58:14;;;;;;;49.05;17.67;;;;;;;4.40;100.00;159958.13;5311173;27;20002;-64
2026/01/29 05:00:40;;;;;;;51.50;17.52;;;;;;;4.40;100.00;159958.13;5311204;27;20017;-65
2026/01/29 05:03:06;;;;;;;52.45;19.00;;;;;;;4.39;100.00;159955.47;5311440;27;20005;-66
2026/01/29 05:05:32;;;;;;;52.05;18.80;;;;;;;4.38;100.00;159954.16;5310882;26;20369;-64
2026/01/29 05:07:57;;;;;;;44.17;16.83;;;;;;;4.36;100.00;159950.16;5311187;27;20012;-63
2026/01/29 05:10:23;;;;;;;47.38;17.98;;;;;;;4.38;100.00;159952.78;5310625;26;20002;-67
2026/01/29 05:12:49;;;;;;;46.47;17.63;;;;;;;4.48;100.00;159979.41;5310963;27;20013;-68
2026/01/29 05:15:15;;;;;;;52.92;17.65;;;;;;;4.55;100.00;159998.03;5311149;27;20055;-65
2026/01/29 05:17:41;;;;;;;58.65;21.20;;;;;;;4.56;100.00;160000.72;5310971;27;20005;-66
2026/01/29 05:20:07;;;;;;;52.22;18.27;;;;;;;4.54;100.00;159995.38;5311642;27;20016;-66
2026/01/29 05:22:33;;;;;;;56.58;19.63;;;;;;;4.60;100.00;160010.00;5310476;27;20009;-65
2026/01/29 05:24:59;;;;;;;45.63;17.13;;;;;;;4.60;100.00;160010.00;5310616;27;20002;-68
2026/01/29 05:27:24;;;;;;;47.75;17.75;;;;;;;4.63;100.00;160019.31;5311208;27;19998;-67
2026/01/29 05:29:50;;;;;;;48.95;17.33;;;;;;;4.73;100.00;160044.56;5311270;27;19994;-67
2026/01/29 05:32:16;;;;;;;49.83;17.63;;;;;;;4.88;100.00;160083.19;5311827;27;20012;-67
2026/01/29 05:34:42;;;;;;;43.60;17.52;;;;;;;4.99;100.00;160112.44;5310262;26;20363;-67
2026/01/29 05:37:08;;;;;;;44.28;16.98;;;;;;;5.09;100.00;160137.72;5314677;26;20002;-65
2026/01/29 05:39:34;;;;;;;45.10;17.77;;;;;;;5.14;100.00;160151.06;5311605;26;20012;-65
2026/01/29 05:42:01;;;;;;;46.80;17.83;;;;;;;5.15;100.00;160153.69;5310913;27;20337;-65
2026/01/29 05:44:27;;;;;;;47.22;17.85;;;;;;;5.09;100.00;160137.72;5310030;27;20317;-66
2026/01/29 05:46:53;;;;;;;42.28;17.10;;;;;;;5.03;100.00;160123.09;5309284;27;20001;-66
2026/01/29 05:49:19;;;;;;;49.95;19.52;;;;;;;4.90;100.00;160089.81;5310525;27;20001;-68
2026/01/29 05:51:45;;;;;;;44.90;18.00;;;;;;;4.81;100.00;160065.88;5311008;27;20020;-65
2026/01/29 05:54:11;;;;;;;44.78;17.65;;;;;;;4.83;100.00;160071.22;5309882;26;20097;-65
2026/01/29 05:56:37;;;;;;;45.67;17.88;;;;;;;4.79;100.00;160060.56;5310737;27;20025;-65
2026/01/29 05:59:03;;;;;;;46.63;18.63;;;;;;;4.73;100.00;160044.56;5311009;27;20013;-65
2026/01/29 06:01:28;;;;;;;46.20;18.08;;;;;;;4.73;100.00;160045.91;5310305;27;20016;-67
2026/01/29 06:03:54;;;;;;;49.72;18.55;;;;;;;4.79;100.00;160060.56;5310072;27;19998;-66
2026/01/29 06:06:20;;;;;;;49.22;18.20;;;;;;;4.83;100.00;160069.88;5309218;27;20448;-66
2026/01/29 06:08:46;;;;;;;43.38;17.35;;;;;;;4.93;100.00;160096.47;5310063;27;20013;-66
2026/01/29 06:11:12;;;;;;;46.15;19.60;;;;;;;4.84;100.00;160073.84;5311174;27;20012;-67
2026/01/29 06:13:38;;;;;;;47.75;20.33;;;;;;;4.75;100.00;160049.91;5310256;27;20348;-68
2026/01/29 06:16:04;;;;;;;48.35;19.20;;;;;;;4.71;100.00;160039.25;5310447;27;19997;-68
2026/01/29 06:18:30;;;;;;;49.25;19.80;;;;;;;4.69;100.00;160035.28;5310367;27;20016;-65
2026/01/29 06:20:55;;;;;;;55.50;20.50;;;;;;;4.64;100.00;160020.63;5310345;27;19997;-65
2026/01/29 06:23:21;;;;;;;66.22;22.45;;;;;;;4.68;100.00;160032.59;5309499;27;19997;-66
2026/01/29 06:25:47;;;;;;;51.25;19.27;;;;;;;4.69;100.00;160033.94;5309973;27;19997;-66
2026/01/29 06:28:13;;;;;;;54.85;20.38;;;;;;;4.69;100.00;160035.28;5308733;26;20358;-67
2026/01/29 06:30:39;;;;;;;100.57;33.40;;;;;;;4.70;100.00;160037.94;5310853;27;20012;-66
2026/01/29 06:33:05;;;;;;;73.55;26.08;;;;;;;4.67;100.00;160029.97;5310242;27;20004;-66
2026/01/29 06:35:31;;;;;;;64.35;22.67;;;;;;;4.68;100.00;160031.28;5310420;27;20002;-67
2026/01/29 06:37:57;;;;;;;48.83;19.80;;;;;;;4.65;100.00;160024.66;5308959;26;20005;-67
2026/01/29 06:40:23;;;;;;;48.55;20.08;;;;;;;4.60;100.00;160011.31;5310132;27;20002;-68
2026/01/29 06:42:48;;;;;;;52.95;20.17;;;;;;;4.56;100.00;160000.72;5309959;27;20012;-66
2026/01/29 06:45:14;;;;;;;45.15;19.05;;;;;;;4.53;100.00;159994.00;5310107;26;20002;-67
2026/01/29 06:47:41;;;;;;;49.42;20.77;;;;;;;4.49;100.00;159982.06;5309989;27;20025;-67
2026/01/29 06:50:07;;;;;;;56.17;21.83;;;;;;;4.42;100.00;159963.44;5309832;27;20018;-68
2026/01/29 06:52:33;;;;;;;58.55;22.42;;;;;;;4.39;100.00;159956.81;5309577;26;20020;-67
2026/01/29 06:55:00;;;;;;;63.17;21.65;;;;;;;4.32;100.00;159938.19;5309369;27;20344;-67
2026/01/29 06:57:26;;;;;;;55.22;20.88;;;;;;;4.25;100.00;159919.59;5308384;27;20359;-66
2026/01/29 06:59:52;;;;;;;66.32;21.95;;;;;;;4.12;100.00;159887.63;5310514;27;20012;-67
2026/01/29 07:02:18;;;;;;;74.22;23.80;;;;;;;4.04;100.00;159865.03;5310635;27;19998;-66
2026/01/29 07:04:45;;;;;;;67.80;20.88;;;;;;;4.12;100.00;159887.63;5310480;27;20001;-67
2026/01/29 07:07:11;;;;;;;70.50;25.40;;;;;;;4.12;100.00;159886.31;5309202;27;20332;-66
2026/01/29 07:09:37;;;;;;;59.35;20.77;;;;;;;4.11;100.00;159883.63;5310503;27;19997;-66
2026/01/29 07:12:03;;;;;;;72.68;24.00;;;;;;;4.08;100.00;159875.69;5310116;27;20001;-66
2026/01/29 07:14:29;;;;;;;74.80;24.25;;;;;;;4.09;100.00;159878.31;5309289;27;20444;-66
2026/01/29 07:16:55;;;;;;;73.10;24.58;;;;;;;4.12;100.00;159886.31;5309348;27;20016;-65
2026/01/29 07:19:21;;;;;;;72.35;24.00;;;;;;;4.16;100.00;159896.97;5309442;27;20096;-65
2026/01/29 07:21:47;;;;;;;70.07;23.33;;;;;;;4.19;100.00;159904.94;5309426;26;20001;-64
2026/01/29 07:24:13;;;;;;;70.93;23.70;;;;;;;4.27;100.00;159924.84;5301477;27;20013;-68
2026/01/29 07:26:39;;;;;;;77.15;26.70;;;;;;;4.19;100.00;159903.63;5305826;27;20309;-65
2026/01/29 07:29:05;;;;;;;76.07;27.83;;;;;;;4.17;100.00;159899.59;5306005;27;20005;-65
2026/01/29 07:31:31;;;;;;;65.50;23.48;;;;;;;4.20;100.00;159906.25;5307976;27;20006;-66
2026/01/29 07:33:57;;;;;;;75.30;24.13;;;;;;;4.32;100.00;159938.19;5308846;27;20018;-65
2026/01/29 07:36:24;;;;;;;63.45;22.45;;;;;;;4.38;100.00;159952.78;5308389;27;20013;-66
2026/01/29 07:38:51;;;;;;;53.63;20.55;;;;;;;4.32;100.00;159938.19;5307306;26;20001;-64
2026/01/29 07:41:17;;;;;;;57.60;20.52;;;;;;;4.31;100.00;159935.50;5307914;27;19993;-64
2026/01/29 07:43:43;;;;;;;48.83;18.73;;;;;;;4.30;100.00;159932.88;5309443;27;20015;-63
2026/01/29 07:46:10;;;;;;;44.58;17.83;;;;;;;4.19;100.00;159903.63;5309460;27;20025;-64
2026/01/29 07:48:35;;;;;;;44.03;17.13;;;;;;;4.13;100.00;159890.28;5308886;26;20330;-63
2026/01/29 07:51:01;;;;;;;39.42;17.10;;;;;;;4.06;100.00;159870.34;5309475;27;20012;-64
2026/01/29 07:53:27;;;;;;;41.80;17.85;;;;;;;3.94;100.00;159841.09;5308791;26;20002;-64
2026/01/29 07:55:53;;;;;;;43.15;17.35;;;;;;;4.07;100.00;159873.00;5309720;27;20310;-63
2026/01/29 07:58:19;;;;;;;48.58;19.50;;;;;;;4.05;100.00;159867.72;5308593;27;19998;-65
2026/01/29 08:00:45;;;;;;;49.40;19.77;;;;;;;4.09;100.00;159878.31;5309098;27;20655;-63
2026/01/29 08:03:11;;;;;;;46.25;18.02;;;;;;;4.07;100.00;159874.34;5309192;27;20017;-63
2026/01/29 08:05:37;;;;;;;42.35;17.38;;;;;;;4.06;100.00;159871.69;5309119;27;19997;-63
2026/01/29 08:08:03;;;;;;;37.30;17.50;;;;;;;4.06;100.00;159871.69;5308430;27;19998;-64
2026/01/29 08:10:28;;;;;;;36.00;16.48;;;;;;;4.14;100.00;159892.97;5307362;27;20008;-63
2026/01/29 08:12:54;;;;;;;36.20;16.58;;;;;;;4.23;100.00;159915.56;5309028;27;20437;-63
2026/01/29 08:15:20;;;;;;;35.50;17.33;;;;;;;4.21;100.00;159910.25;5309153;27;20012;-63
2026/01/29 08:17:46;;;;;;;32.45;17.63;;;;;;;4.28;100.00;159927.53;5308363;26;20408;-63
2026/01/29 08:20:12;;;;;;;35.83;17.50;;;;;;;4.33;100.00;159940.81;5308759;27;20013;-63
2026/01/29 08:22:38;;;;;;;37.75;18.75;;;;;;;4.27;100.00;159926.22;5309119;27;20017;-62
2026/01/29 08:25:04;;;;;;;35.85;17.52;;;;;;;4.39;100.00;159955.47;5309295;27;20002;-63
2026/01/29 08:27:30;;;;;;;33.28;16.67;;;;;;;4.35;100.00;159946.16;5307287;27;19994;-62
2026/01/29 08:29:56;;;;;;;38.75;18.90;;;;;;;4.40;100.00;159959.44;5309080;27;20008;-63
2026/01/29 08:32:22;;;;;;;33.05;18.85;;;;;;;4.37;100.00;159951.47;5306195;27;20003;-63
2026/01/29 08:34:48;;;;;;;31.67;17.70;;;;;;;4.36;100.00;159948.84;5308478;27;20022;-64
2026/01/29 08:37:14;;;;;;;45.40;18.25;;;;;;;4.41;100.00;159962.13;5303280;26;20021;-64
2026/01/29 08:39:40;;;;;;;33.55;17.52;;;;;;;4.47;100.00;159978.09;5302462;27;20009;-63
2026/01/29 08:42:06;;;;;;;33.15;17.35;;;;;;;4.47;100.00;159978.09;5305628;27;20132;-65
2026/01/29 08:44:32;;;;;;;30.45;15.70;;;;;;;4.48;100.00;159980.72;5304767;27;20013;-62
2026/01/29 08:46:58;;;;;;;32.95;16.00;;;;;;;4.51;100.00;159987.38;5304799;27;19993;-62
2026/01/29 08:49:23;;;;;;;31.45;15.50;;;;;;;4.56;100.00;160002.03;5305137;27;20013;-62
2026/01/29 08:51:49;;;;;;;30.83;16.48;;;;;;;4.56;100.00;160000.72;5304633;26;19998;-62
2026/01/29 08:54:15;;;;;;;29.83;15.75;;;;;;;4.65;100.00;160023.31;5305028;27;19998;-63
2026/01/29 08:56:41;;;;;;;30.10;15.68;;;;;;;4.74;100.00;160048.59;5302525;26;20331;-63
2026/01/29 08:59:07;;;;;;;30.45;16.23;;;;;;;4.78;100.00;160059.25;5304159;27;20005;-62
2026/01/29 09:01:33;;;;;;;27.35;14.65;;;;;;;4.82;100.00;160067.19;5305081;27;20005;-63
2026/01/29 09:03:59;;;;;;;29.40;15.73;;;;;;;4.84;100.00;160072.53;5304980;27;20006;-63
2026/01/29 09:06:25;;;;;;;35.60;17.55;;;;;;;4.87;100.00;160080.50;5304759;27;20429;-65
2026/01/29 09:08:51;;;;;;;32.58;15.93;;;;;;;4.85;100.00;160076.53;5304492;27;20002;-62
2026/01/29 09:11:17;;;;;;;30.50;14.35;;;;;;;4.92;100.00;160093.81;5304934;27;20009;-62
2026/01/29 09:13:42;;;;;;;27.92;14.38;;;;;;;5.00;100.00;160115.09;5304666;26;20459;-63
2026/01/29 09:16:08;;;;;;;33.28;16.02;;;;;;;5.06;100.00;160129.75;5304172;26;20002;-62
2026/01/29 09:18:34;;;;;;;31.35;15.27;;;;;;;5.09;100.00;160137.72;5302771;26;20001;-62
2026/01/29 09:21:00;;;;;;;30.33;15.32;;;;;;;5.08;100.00;160136.38;5305791;27;20463;-63
2026/01/29 09:23:26;;;;;;;30.45;15.00;;;;;;;5.05;100.00;160128.41;5307633;27;20001;-62
2026/01/29 09:25:52;;;;;;;26.60;13.75;;;;;;;5.17;100.00;160159.00;5308031;27;20002;-63
2026/01/29 09:28:18;;;;;;;29.70;14.07;;;;;;;5.22;100.00;160171.00;5307342;27;20338;-65
2026/01/29 09:30:44;;;;;;;30.05;15.10;;;;;;;5.23;100.00;160173.69;5307375;27;19998;-63
2026/01/29 09:33:10;;;;;;;92.53;28.45;;;;;;;5.15;100.00;160153.69;5307646;27;20321;-64
2026/01/29 09:35:35;;;;;;;173.25;42.38;;;;;;;5.16;100.00;160157.69;5307812;27;19998;-63
2026/01/29 09:38:01;;;;;;;125.25;34.95;;;;;;;5.27;100.00;160185.66;5307576;27;20012;-62
2026/01/29 09:40:27;;;;;;;45.60;18.30;;;;;;;5.36;100.00;160208.28;5304519;27;20005;-63
2026/01/29 09:42:53;;;;;;;27.60;13.65;;;;;;;5.37;100.00;160210.91;5307360;27;20452;-62
2026/01/29 09:45:19;;;;;;;31.65;16.30;;;;;;;5.48;100.00;160240.19;5307021;26;20001;-62
2026/01/29 09:47:45;;;;;;;29.08;14.73;;;;;;;5.48;100.00;160238.88;5307108;27;19997;-62
2026/01/29 09:50:11;;;;;;;27.95;13.23;;;;;;;5.60;100.00;160272.16;5307868;27;19997;-63
2026/01/29 09:52:37;;;;;;;29.83;14.02;;;;;;;5.66;100.00;160286.78;5306735;27;19998;-63
2026/01/29 09:55:03;;;;;;;31.35;14.77;;;;;;;5.61;100.00;160274.81;5307241;27;20009;-63
2026/01/29 09:57:29;;;;;;;28.95;14.45;;;;;;;5.79;100.00;160320.06;5307577;26;20041;-63
2026/01/29 09:59:55;;;;;;;30.95;15.18;;;;;;;5.86;100.00;160338.69;5307693;27;19997;-63
2026/01/29 10:02:21;;;;;;;30.75;15.23;;;;;;;5.92;100.00;160354.69;5307456;27;19997;-62
2026/01/29 10:04:46;;;;;;;29.33;14.60;;;;;;;6.05;100.00;160386.66;5307507;27;20337;-64
2026/01/29 10:07:12;;;;;;;28.20;15.07;;;;;;;6.06;100.00;160390.69;5306052;26;20012;-63
2026/01/29 10:09:38;;;;;;;27.10;14.50;;;;;;;6.28;100.00;160446.63;5307423;27;20070;-63
2026/01/29 10:12:04;;;;;;;27.88;14.00;;;;;;;6.40;100.00;160478.56;5306686;27;20026;-63
2026/01/29 10:14:30;;;;;;;29.27;13.88;;;;;;;6.22;100.00;160433.31;5307514;27;20008;-63
2026/01/29 10:16:56;;;;;;;25.90;13.77;;;;;;;5.94;100.00;160358.69;5306853;27;20028;-63
2026/01/29 10:19:22;;;;;;;25.50;13.48;;;;;;;5.90;100.00;160348.03;5306754;26;20013;-62
2026/01/29 10:21:48;;;;;;;29.75;13.75;;;;;;;5.75;100.00;160310.75;5307976;26;20333;-62
2026/01/29 10:24:14;;;;;;;25.95;13.82;;;;;;;5.73;100.00;160304.09;5307554;27;20437;-64
2026/01/29 10:26:39;;;;;;;27.65;13.13;;;;;;;5.75;100.00;160310.75;5306127;27;20009;-64
2026/01/29 10:29:05;;;;;;;24.77;13.02;;;;;;;5.68;100.00;160290.78;5306545;27;19997;-63
2026/01/29 10:31:31;;;;;;;28.58;13.68;;;;;;;5.67;100.00;160289.47;5307138;27;20012;-64
2026/01/29 10:33:57;;;;;;;27.88;13.18;;;;;;;5.65;100.00;160282.78;5306910;27;19994;-64
2026/01/29 10:36:23;;;;;;;24.45;12.68;;;;;;;5.74;100.00;160306.78;5307047;27;19998;-63
2026/01/29 10:38:49;;;;;;;24.58;13.15;;;;;;;5.64;100.00;160280.13;5304241;27;20090;-63
2026/01/29 10:41:15;;;;;;;29.08;14.55;;;;;;;5.75;100.00;160310.75;5307483;27;20001;-63
2026/01/29 10:43:41;;;;;;;31.55;14.40;;;;;;;5.91;100.00;160350.69;5307061;27;20012;-65
2026/01/29 10:46:06;;;;;;;31.15;14.50;;;;;;;5.96;100.00;160365.41;5307552;27;20561;-64
2026/01/29 10:48:32;;;;;;;30.60;15.82;;;;;;;6.11;100.00;160402.66;5306608;26;20012;-63
2026/01/29 10:50:58;;;;;;;31.10;15.60;;;;;;;6.25;100.00;160439.97;5305891;26;20455;-63
2026/01/29 10:53:25;;;;;;;33.88;16.23;;;;;;;6.27;100.00;160445.31;5307836;27;20093;-71
2026/01/29 10:55:51;;;;;;;28.95;15.38;;;;;;;6.31;100.00;160455.91;5303457;27;20001;-63
2026/01/29 10:58:17;;;;;;;29.00;15.00;;;;;;;6.52;100.00;160509.25;5306314;27;19998;-63
2026/01/29 11:00:43;;;;;;;30.95;14.80;;;;;;;6.64;100.00;160542.50;5305978;27;20464;-62
2026/01/29 11:03:09;;;;;;;31.20;14.82;;;;;;;6.54;100.00;160514.56;5300212;27;20009;-63
2026/01/29 11:05:35;;;;;;;26.52;14.55;;;;;;;6.72;100.00;160562.50;5306604;27;20017;-64
2026/01/29 11:08:01;;;;;;;35.53;15.95;;;;;;;6.86;100.00;160598.47;5305751;27;20440;-64
2026/01/29 11:10:27;;;;;;;27.50;15.15;;;;;;;6.76;100.00;160571.81;5307218;26;20024;-64
2026/01/29 11:12:53;;;;;;;26.60;13.80;;;;;;;6.81;100.00;160586.50;5306720;26;20013;-64
2026/01/29 11:15:19;;;;;;;28.90;14.98;;;;;;;6.88;100.00;160603.81;5306574;27;20596;-64
2026/01/29 11:17:45;;;;;;;26.50;14.05;;;;;;;7.00;100.00;160635.81;5305489;27;20101;-64
2026/01/29 11:20:11;;;;;;;27.65;14.00;;;;;;;7.20;100.00;160687.78;5305772;26;20012;-63
2026/01/29 11:22:37;;;;;;;28.27;14.63;;;;;;;7.14;100.00;160671.78;5304261;26;20006;-65
2026/01/29 11:25:03;;;;;;;32.00;15.27;;;;;;;7.32;100.00;160717.09;5305407;27;22325;-64
2026/01/29 11:27:28;;;;;;;25.30;13.27;;;;;;;7.57;100.00;160783.72;5305890;27;19997;-64
2026/01/29 11:29:54;;;;;;;26.10;14.07;;;;;;;7.68;100.00;160813.03;5307024;27;19997;-63
2026/01/29 11:32:20;;;;;;;25.25;13.77;;;;;;;8.23;100.00;160954.41;5306385;27;19997;-64
2026/01/29 11:34:47;;;;;;;34.00;14.63;;;;;;;8.47;100.00;161018.47;5306330;27;19998;-65
2026/01/29 11:37:12;;;;;;;23.55;13.38;;;;;;;8.45;100.00;161013.13;5305569;26;20476;-63
2026/01/29 11:39:38;;;;;;;25.33;13.98;;;;;;;8.70;100.00;161077.16;5303017;27;19997;-65
2026/01/29 11:42:04;;;;;;;24.52;13.65;;;;;;;9.48;100.00;161281.31;5305332;27;20423;-64
2026/01/29 11:44:30;;;;;;;23.77;13.57;;;;;;;10.09;100.00;161438.81;5304405;26;19997;-64
2026/01/29 11:46:56;;;;;;;23.85;14.05;;;;;;;10.39;100.00;161516.38;5305863;27;19997;-64
2026/01/29 11:49:22;;;;;;;21.55;13.18;;;;;;;10.89;100.00;161648.56;5306424;27;20001;-65
2026/01/29 11:51:48;;;;;;;22.88;12.65;;;;;;;10.89;100.00;161648.56;5304842;27;20001;-64
2026/01/29 11:54:14;;;;;;;22.10;13.20;;;;;;;10.74;100.00;161608.53;5305668;27;19998;-65
2026/01/29 11:56:39;;;;;;;20.13;11.55;;;;;;;10.92;100.00;161655.28;5305620;27;20445;-66
2026/01/29 11:59:05;;;;;;;20.02;11.60;;;;;;;10.31;100.00;161497.63;5306325;27;19998;-65
2026/01/29 12:01:31;;;;;;;20.50;11.52;;;;;;;9.91;100.00;161393.41;5306128;27;20008;-64
2026/01/29 12:03:57;;;;;;;20.88;11.95;;;;;;;9.37;100.00;161250.63;5304477;26;19997;-64
2026/01/29 12:06:23;;;;;;;19.55;11.30;;;;;;;9.26;100.00;161222.59;5306456;27;19998;-62
2026/01/29 12:08:49;;;;;;;19.23;11.77;;;;;;;9.07;100.00;161173.19;5305525;27;19994;-63
2026/01/29 12:11:15;;;;;;;18.25;11.32;;;;;;;8.95;100.00;161141.19;5306166;27;19997;-63
2026/01/29 12:13:41;;;;;;;19.88;11.93;;;;;;;8.89;100.00;161126.50;5304947;27;20453;-63
2026/01/29 12:16:07;;;;;;;18.85;11.75;;;;;;;8.91;100.00;161133.22;5305230;27;20049;-61
2026/01/29 12:18:33;;;;;;;21.00;12.73;;;;;;;9.33;100.00;161241.25;5305230;27;20001;-63
2026/01/29 12:20:58;;;;;;;16.55;10.10;;;;;;;9.54;100.00;161296.00;5306159;27;20002;-64
2026/01/29 12:23:24;;;;;;;17.35;11.05;;;;;;;10.20;100.00;161468.19;5305030;27;20013;-64
2026/01/29 12:25:50;;;;;;;18.77;11.07;;;;;;;10.77;100.00;161616.53;5306201;27;20686;-63
2026/01/29 12:28:16;;;;;;;16.13;10.40;;;;;;;11.15;100.00;161715.41;5304450;27;19997;-63
2026/01/29 12:30:42;;;;;;;18.13;10.50;;;;;;;11.36;100.00;161771.53;5304650;27;20424;-63
2026/01/29 12:33:08;;;;;;;17.02;10.27;;;;;;;11.27;100.00;161746.13;5305100;26;19997;-63
2026/01/29 12:35:34;;;;;;;16.55;10.98;;;;;;;11.34;100.00;161766.19;5305309;27;20028;-62
2026/01/29 12:38:00;;;;;;;18.98;11.60;;;;;;;11.10;100.00;161702.06;5305388;27;20336;-63
2026/01/29 12:40:26;;;;;;;16.23;10.20;;;;;;;11.32;100.00;161760.84;5301751;27;20038;-63
2026/01/29 12:42:52;;;;;;;17.50;10.60;;;;;;;11.53;100.00;161814.28;5305592;26;20006;-63
2026/01/29 12:45:18;;;;;;;17.30;10.50;;;;;;;11.48;100.00;161800.94;5304908;26;20001;-63
2026/01/29 12:47:44;;;;;;;17.30;9.90;;;;;;;11.08;100.00;161696.69;5304535;27;20012;-65
2026/01/29 12:50:10;;;;;;;15.48;9.45;;;;;;;11.37;100.00;161772.88;5304738;27;19997;-65
2026/01/29 12:52:36;;;;;;;14.75;8.90;;;;;;;11.60;100.00;161833.00;5305006;26;20069;-64
2026/01/29 12:55:03;;;;;;;16.95;10.02;;;;;;;11.85;100.00;161898.53;5305199;27;20001;-64
2026/01/29 12:57:29;;;;;;;14.68;9.80;;;;;;;11.65;100.00;161845.00;5307799;27;20017;-63
2026/01/29 12:59:55;;;;;;;13.18;8.60;;;;;;;11.75;100.00;161871.75;5308542;27;19997;-64
2026/01/29 13:02:22;;;;;;;15.00;10.10;;;;;;;11.94;100.00;161922.63;5307236;27;20455;-64
2026/01/29 13:04:47;;;;;;;15.75;10.27;;;;;;;12.18;100.00;161985.47;5309492;27;20368;-64
2026/01/29 13:07:13;;;;;;;16.63;10.25;;;;;;;12.36;100.00;162032.28;5308106;27;20444;-65
2026/01/29 13:09:39;;;;;;;18.35;10.32;;;;;;;12.17;100.00;161981.44;5308406;26;20100;-64
2026/01/29 13:12:08;;;;;;;16.90;9.80;;;;;;;12.18;100.00;161985.47;5307232;26;20008;-63
2026/01/29 13:14:34;;;;;;;16.75;9.98;;;;;;;12.21;100.00;161992.16;5308731;26;20405;-63
2026/01/29 13:16:59;;;;;;;18.48;10.35;;;;;;;12.30;100.00;162014.91;5306991;26;20015;-63
2026/01/29 13:19:25;;;;;;;16.55;10.13;;;;;;;12.52;100.00;162073.72;5308466;27;20006;-62
2026/01/29 13:21:51;;;;;;;17.55;10.30;;;;;;;12.67;100.00;162111.16;5311540;27;20005;-62
2026/01/29 13:24:17;;;;;;;19.42;11.70;;;;;;;12.65;100.00;162108.50;5311208;27;20028;-62
2026/01/29 13:26:43;;;;;;;21.05;11.75;;;;;;;12.62;100.00;162100.44;5311018;27;20010;-62
2026/01/29 13:29:09;;;;;;;20.70;12.43;;;;;;;12.56;100.00;162084.44;5311616;27;20349;-63
2026/01/29 13:31:35;;;;;;;21.17;12.20;;;;;;;12.39;100.00;162038.97;5311387;27;20010;-63
2026/01/29 13:34:01;;;;;;;24.50;14.18;;;;;;;12.40;100.00;162042.94;5311411;27;19998;-63
2026/01/29 13:36:27;;;;;;;24.75;14.50;;;;;;;12.52;100.00;162073.72;5310584;27;19997;-64
2026/01/29 13:38:52;;;;;;;28.80;15.95;;;;;;;12.53;100.00;162076.38;5310798;27;20001;-64
2026/01/29 13:41:18;;;;;;;30.23;15.90;;;;;;;12.58;100.00;162088.41;5310867;27;20508;-63
2026/01/29 13:43:44;;;;;;;29.67;16.27;;;;;;;12.52;100.00;162072.41;5311683;27;19998;-64
2026/01/29 13:46:10;;;;;;;31.50;16.65;;;;;;;12.41;100.00;162044.31;5311395;27;19997;-64
2026/01/29 13:48:36;;;;;;;31.75;15.85;;;;;;;12.36;100.00;162032.28;5310119;26;19993;-63
2026/01/29 13:51:02;;;;;;;33.88;17.92;;;;;;;12.29;100.00;162013.50;5311456;27;20009;-64
2026/01/29 13:53:30;;;;;;;31.48;17.98;;;;;;;12.13;100.00;161972.06;5310690;26;20001;-64
2026/01/29 13:55:56;;;;;;;33.95;18.15;;;;;;;11.94;100.00;161921.25;5310861;27;20017;-63
2026/01/29 13:58:22;;;;;;;29.23;16.45;;;;;;;11.66;100.00;161849.03;5309990;26;19997;-64
2026/01/29 14:00:49;;;;;;;32.13;17.35;;;;;;;11.17;100.00;161722.06;5311205;27;19994;-63
2026/01/29 14:03:14;;;;;;;29.73;16.38;;;;;;;11.05;100.00;161690.03;5310915;27;20005;-63
2026/01/29 14:05:40;;;;;;;30.08;17.70;;;;;;;11.01;100.00;161678.00;5310935;27;20016;-63
2026/01/29 14:08:06;;;;;;;36.47;19.05;;;;;;;10.88;100.00;161644.59;5309476;27;20463;-63
2026/01/29 14:10:32;;;;;;;36.08;19.77;;;;;;;10.78;100.00;161619.19;5310198;26;20032;-64
2026/01/29 14:12:58;;;;;;;36.85;20.45;;;;;;;10.48;100.00;161541.72;5310856;27;20012;-64
2026/01/29 14:15:24;;;;;;;36.40;19.38;;;;;;;10.48;100.00;161540.41;5308684;27;20017;-64
2026/01/29 14:17:50;;;;;;;38.25;18.85;;;;;;;10.61;100.00;161575.13;5309982;27;20001;-63
2026/01/29 14:20:16;;;;;;;37.85;19.63;;;;;;;10.54;100.00;161556.44;5311016;27;20012;-64
2026/01/29 14:22:42;;;;;;;38.50;18.67;;;;;;;10.55;100.00;161559.09;5310550;27;19998;-63
2026/01/29 14:25:08;;;;;;;38.60;19.42;;;;;;;10.53;100.00;161555.06;5310559;27;20016;-63
2026/01/29 14:27:34;;;;;;;39.25;19.27;;;;;;;10.24;100.00;161478.91;5310175;27;20005;-63
2026/01/29 14:29:59;;;;;;;38.70;19.20;;;;;;;10.12;100.00;161448.19;5310505;27;20456;-63
2026/01/29 14:32:25;;;;;;;36.85;19.15;;;;;;;9.91;100.00;161393.41;5310492;27;20013;-63
2026/01/29 14:34:51;;;;;;;36.30;18.85;;;;;;;9.77;100.00;161354.75;5311004;27;20371;-63
2026/01/29 14:37:17;;;;;;;34.88;18.48;;;;;;;9.63;100.00;161320.03;5309817;27;20012;-63
2026/01/29 14:39:44;;;;;;;35.75;19.30;;;;;;;9.58;100.00;161306.66;5310719;27;20448;-64
2026/01/29 14:42:10;;;;;;;34.17;18.08;;;;;;;9.54;100.00;161297.34;5310970;27;20336;-63
2026/01/29 14:44:35;;;;;;;37.10;19.58;;;;;;;9.51;100.00;161287.97;5310616;27;20002;-63
2026/01/29 14:47:01;;;;;;;34.50;18.63;;;;;;;9.56;100.00;161301.34;5310149;27;19997;-62
2026/01/29 14:49:27;;;;;;;35.53;18.42;;;;;;;9.49;100.00;161282.63;5310144;27;20002;-62
2026/01/29 14:51:53;;;;;;;37.85;19.55;;;;;;;9.44;100.00;161270.63;5310634;27;20432;-63
2026/01/29 14:54:19;;;;;;;36.13;18.40;;;;;;;9.33;100.00;161242.59;5310311;27;20001;-63
2026/01/29 14:56:45;;;;;;;36.05;19.25;;;;;;;9.28;100.00;161227.94;5310119;27;20001;-63
2026/01/29 14:59:11;;;;;;;35.75;18.88;;;;;;;9.05;100.00;161167.91;5310789;27;20340;-63
2026/01/29 15:01:37;;;;;;;41.65;19.08;;;;;;;8.76;100.00;161091.81;5310453;27;19997;-63
2026/01/29 15:04:03;;;;;;;39.55;19.33;;;;;;;8.64;100.00;161061.13;5310427;27;20486;-62
2026/01/29 15:06:29;;;;;;;33.53;18.48;;;;;;;8.59;100.00;161049.13;5310177;27;20005;-62
2026/01/29 15:08:55;;;;;;;37.70;19.50;;;;;;;8.52;100.00;161029.16;5308760;26;20797;-62
2026/01/29 15:11:20;;;;;;;38.35;18.60;;;;;;;8.48;100.00;161019.78;5310066;27;20001;-62
2026/01/29 15:13:46;;;;;;;39.78;20.27;;;;;;;8.54;100.00;161035.81;5308960;26;20012;-62
2026/01/29 15:16:12;;;;;;;44.85;22.40;;;;;;;8.53;100.00;161031.78;5310397;27;20013;-63
2026/01/29 15:18:38;;;;;;;42.03;20.85;;;;;;;8.43;100.00;161006.47;5309402;27;20074;-63
2026/01/29 15:21:04;;;;;;;42.17;20.88;;;;;;;8.32;100.00;160978.41;5310044;27;19997;-63
2026/01/29 15:23:30;;;;;;;39.13;20.80;;;;;;;8.24;100.00;160957.03;5309005;26;20356;-63
2026/01/29 15:25:56;;;;;;;41.53;20.80;;;;;;;8.24;100.00;160958.38;5309748;27;20433;-63
2026/01/29 15:28:22;;;;;;;40.83;21.40;;;;;;;8.17;100.00;160939.72;5309025;26;19997;-64
2026/01/29 15:30:48;;;;;;;41.92;21.50;;;;;;;8.21;100.00;160949.06;5309747;26;20001;-62
2026/01/29 15:33:13;;;;;;;44.03;21.30;;;;;;;8.08;100.00;160917.03;5315509;26;19997;-65
2026/01/29 15:35:40;;;;;;;44.33;21.52;;;;;;;7.99;100.00;160893.03;5310124;27;20001;-63
2026/01/29 15:38:06;;;;;;;40.25;20.90;;;;;;;7.96;100.00;160885.06;5309415;27;20693;-63
2026/01/29 15:40:32;;;;;;;46.08;21.35;;;;;;;7.94;100.00;160879.72;5309195;26;19998;-63
2026/01/29 15:42:58;;;;;;;49.65;22.95;;;;;;;7.93;100.00;160875.72;5309525;27;19997;-63
2026/01/29 15:45:24;;;;;;;41.75;20.60;;;;;;;7.77;100.00;160835.72;5309098;27;20687;-63
2026/01/29 15:47:50;;;;;;;37.75;20.90;;;;;;;7.64;100.00;160801.03;5309036;27;20012;-62
2026/01/29 15:50:16;;;;;;;41.38;20.30;;;;;;;7.68;100.00;160813.03;5309052;27;19998;-63
2026/01/29 15:52:41;;;;;;;39.25;20.67;;;;;;;7.65;100.00;160805.06;5309407;27;20001;-62
2026/01/29 15:55:07;;;;;;;38.45;20.65;;;;;;;7.59;100.00;160789.06;5309551;27;20025;-63
2026/01/29 15:57:33;;;;;;;42.22;21.27;;;;;;;7.58;100.00;160786.41;5308735;27;21493;-62
2026/01/29 15:59:59;;;;;;;41.30;20.42;;;;;;;7.49;100.00;160762.38;5309248;27;19997;-64
2026/01/29 16:02:25;;;;;;;38.05;20.60;;;;;;;7.43;100.00;160747.75;5308272;26;20001;-64
2026/01/29 16:04:51;;;;;;;36.25;19.50;;;;;;;7.44;100.00;160749.06;5309332;27;20452;-65
2026/01/29 16:07:17;;;;;;;43.85;21.33;;;;;;;7.38;100.00;160734.44;5308847;27;20072;-62
2026/01/29 16:09:43;;;;;;;47.33;21.95;;;;;;;7.31;100.00;160714.41;5309122;27;20429;-63
2026/01/29 16:12:08;;;;;;;44.08;20.42;;;;;;;7.31;100.00;160715.72;5309266;27;20009;-63
2026/01/29 16:14:35;;;;;;;43.03;22.05;;;;;;;7.31;100.00;160714.41;5308664;27;20352;-63
2026/01/29 16:17:01;;;;;;;42.80;21.75;;;;;;;7.24;100.00;160698.41;5307765;27;19997;-63
2026/01/29 16:19:26;;;;;;;42.92;22.10;;;;;;;7.15;100.00;160674.41;5308544;27;20001;-63
2026/01/29 16:21:52;;;;;;;41.53;22.65;;;;;;;7.13;100.00;160669.09;5309313;27;20002;-63
2026/01/29 16:24:18;;;;;;;42.50;22.60;;;;;;;7.05;100.00;160649.13;5308531;27;19994;-63
2026/01/29 16:26:44;;;;;;;47.75;23.00;;;;;;;7.03;100.00;160642.47;5308536;27;20017;-63
2026/01/29 16:29:10;;;;;;;40.60;20.95;;;;;;;6.97;100.00;160627.78;5309222;27;20001;-64
2026/01/29 16:31:36;;;;;;;41.65;20.13;;;;;;;6.93;100.00;160617.13;5311388;27;20324;-64
2026/01/29 16:34:02;;;;;;;40.22;21.13;;;;;;;6.92;100.00;160613.16;5312338;27;19994;-64
2026/01/29 16:36:28;;;;;;;40.97;20.88;;;;;;;6.89;100.00;160605.13;5312028;27;20010;-63
2026/01/29 16:38:54;;;;;;;44.33;21.02;;;;;;;6.84;100.00;160593.13;5311778;27;19998;-63
2026/01/29 16:41:20;;;;;;;40.45;20.98;;;;;;;6.77;100.00;160575.81;5311385;27;20016;-64
2026/01/29 16:43:46;;;;;;;42.85;21.42;;;;;;;6.70;100.00;160555.88;5312284;27;20005;-63
2026/01/29 16:46:11;;;;;;;39.78;20.58;;;;;;;6.67;100.00;160549.22;5311595;27;20017;-62
2026/01/29 16:48:37;;;;;;;41.35;21.25;;;;;;;6.66;100.00;160546.53;5311514;27;19998;-61
2026/01/29 16:51:03;;;;;;;40.50;21.73;;;;;;;6.65;100.00;160543.88;5312657;27;20085;-63
2026/01/29 16:53:29;;;;;;;37.38;19.58;;;;;;;6.66;100.00;160545.19;5312644;26;20073;-63
2026/01/29 16:55:55;;;;;;;43.10;20.25;;;;;;;6.64;100.00;160541.19;5312378;27;20001;-62
2026/01/29 16:58:21;;;;;;;44.22;22.23;;;;;;;6.60;100.00;160530.53;5311199;27;20460;-63
2026/01/29 17:00:47;;;;;;;51.30;23.98;;;;;;;6.55;100.00;160518.53;5312882;27;19993;-63
2026/01/29 17:03:13;;;;;;;42.60;22.00;;;;;;;6.50;100.00;160503.91;5310105;26;20008;-64
2026/01/29 17:05:38;;;;;;;42.33;22.20;;;;;;;6.44;100.00;160489.22;5302790;27;20005;-64
2026/01/29 17:08:04;;;;;;;42.15;22.15;;;;;;;6.41;100.00;160481.25;5309107;26;20012;-63
2026/01/29 17:10:30;;;;;;;40.55;20.70;;;;;;;6.38;100.00;160474.59;5308177;26;20694;-64
2026/01/29 17:12:56;;;;;;;44.63;22.35;;;;;;;6.34;100.00;160462.63;5308459;27;20002;-63
2026/01/29 17:15:22;;;;;;;43.42;21.63;;;;;;;6.28;100.00;160447.94;5308753;27;20096;-63
2026/01/29 17:17:49;;;;;;;42.40;21.08;;;;;;;6.30;100.00;160453.28;5307961;27;20086;-63
2026/01/29 17:20:14;;;;;;;43.70;21.13;;;;;;;6.28;100.00;160447.94;5308766;27;20375;-63
2026/01/29 17:22:40;;;;;;;38.85;21.13;;;;;;;6.27;100.00;160445.31;5309398;26;19997;-64
2026/01/29 17:25:06;;;;;;;43.55;23.27;;;;;;;6.21;100.00;160430.63;5308514;26;20002;-61
2026/01/29 17:27:32;;;;;;;40.55;22.30;;;;;;;6.15;100.00;160414.66;5305214;26;20009;-63
2026/01/29 17:29:58;;;;;;;42.13;20.25;;;;;;;6.15;100.00;160414.66;5309596;27;20016;-63
2026/01/29 17:32:24;;;;;;;40.28;21.67;;;;;;;6.10;100.00;160400.03;5309300;27;19998;-63
2026/01/29 17:34:50;;;;;;;44.17;21.10;;;;;;;6.06;100.00;160390.69;5309824;27;20002;-64
2026/01/29 17:37:16;;;;;;;43.35;21.42;;;;;;;6.04;100.00;160385.34;5308405;27;20009;-64
2026/01/29 17:39:42;;;;;;;43.08;21.85;;;;;;;6.01;100.00;160378.69;5308389;26;20082;-64
2026/01/29 17:42:08;;;;;;;41.05;21.27;;;;;;;5.99;100.00;160373.38;5309115;27;20814;-65
2026/01/29 17:44:34;;;;;;;43.13;21.90;;;;;;;5.97;100.00;160368.03;5308052;27;20021;-65
2026/01/29 17:46:59;;;;;;;39.13;20.42;;;;;;;5.87;100.00;160341.41;5307108;27;20352;-63
2026/01/29 17:49:25;;;;;;;41.80;21.58;;;;;;;5.77;100.00;160314.75;5308827;27;20002;-61
2026/01/29 17:51:51;;;;;;;41.03;21.27;;;;;;;5.68;100.00;160292.13;5308890;26;20012;-63
2026/01/29 17:54:17;;;;;;;42.17;20.48;;;;;;;5.59;100.00;160268.16;5308818;27;19998;-63
2026/01/29 17:56:43;;;;;;;47.78;22.40;;;;;;;5.58;100.00;160265.47;5307521;27;20364;-63
2026/01/29 17:59:09;;;;;;;43.83;21.27;;;;;;;5.53;100.00;160253.50;5308729;27;20009;-63
2026/01/29 18:01:35;;;;;;;42.45;21.95;;;;;;;5.48;100.00;160238.88;5308948;27;20012;-64
2026/01/29 18:04:01;;;;;;;49.00;23.25;;;;;;;5.45;100.00;160232.22;5308776;27;20012;-64
2026/01/29 18:06:27;;;;;;;38.58;20.58;;;;;;;5.45;100.00;160232.22;5307185;27;20005;-64
2026/01/29 18:08:53;;;;;;;43.67;22.75;;;;;;;5.44;100.00;160228.22;5308133;27;20017;-64
2026/01/29 18:11:19;;;;;;;46.33;22.58;;;;;;;5.37;100.00;160210.91;5308732;27;20002;-64
2026/01/29 18:13:45;;;;;;;46.35;23.45;;;;;;;5.36;100.00;160208.28;5308600;27;19998;-64
2026/01/29 18:16:14;;;;;;;50.65;24.50;;;;;;;5.25;100.00;160180.31;5308623;27;19998;-63
2026/01/29 18:18:39;;;;;;;52.00;24.88;;;;;;;5.17;100.00;160159.00;5292498;27;19998;-63
2026/01/29 18:21:06;;;;;;;70.18;38.78;;;;;;;5.10;100.00;160141.72;5307048;27;20002;-68
2026/01/29 18:23:35;;;;;;;75.82;42.58;;;;;;;5.05;100.00;160128.41;5309209;27;20009;-64
2026/01/29 18:26:01;;;;;;;68.82;36.00;;;;;;;5.03;100.00;160123.09;5307407;27;20041;-63
2026/01/29 18:28:27;;;;;;;63.20;30.77;;;;;;;4.97;100.00;160107.13;5304561;27;19997;-62
2026/01/29 18:30:52;;;;;;;77.47;35.50;;;;;;;4.89;100.00;160087.19;5308522;27;20642;-62
2026/01/29 18:33:18;;;;;;;80.10;41.22;;;;;;;4.81;100.00;160065.88;5308413;27;20001;-61
2026/01/29 18:35:44;;;;;;;94.10;49.95;;;;;;;4.80;100.00;160061.88;5308518;26;20337;-63
2026/01/29 18:38:11;;;;;;;101.40;48.22;;;;;;;4.83;100.00;160069.88;5306261;27;20013;-61
2026/01/29 18:40:37;;;;;;;93.63;54.15;;;;;;;4.82;100.00;160067.19;5307274;26;19997;-63
2026/01/29 18:43:03;;;;;;;82.72;42.97;;;;;;;4.79;100.00;160060.56;5307465;26;20002;-63
2026/01/29 18:45:29;;;;;;;69.78;38.15;;;;;;;4.83;100.00;160069.88;5308215;27;20005;-64
2026/01/29 18:47:55;;;;;;;75.75;35.63;;;;;;;4.86;100.00;160077.84;5305561;26;20012;-63
2026/01/29 18:50:21;;;;;;;59.65;31.05;;;;;;;4.87;100.00;160080.50;5308394;27;20471;-62
2026/01/29 18:52:47;;;;;;;60.80;30.60;;;;;;;4.92;100.00;160093.81;5307862;27;20353;-62
2026/01/29 18:55:13;;;;;;;59.35;30.38;;;;;;;4.92;100.00;160093.81;5307887;27;20001;-62
2026/01/29 18:57:39;;;;;;;57.13;29.73;;;;;;;4.91;100.00;160092.50;5307112;27;20021;-61
2026/01/29 19:00:06;;;;;;;58.15;28.27;;;;;;;4.89;100.00;160085.81;5306615;26;20013;-65
2026/01/29 19:02:32;;;;;;;55.60;28.15;;;;;;;4.89;100.00;160087.19;5307996;27;20042;-63
2026/01/29 19:04:58;;;;;;;61.17;29.70;;;;;;;4.89;100.00;160087.19;5308027;27;20001;-63
2026/01/29 19:07:24;;;;;;;57.38;29.00;;;;;;;4.86;100.00;160077.84;5306698;27;20013;-63
2026/01/29 19:09:50;;;;;;;61.30;30.83;;;;;;;4.79;100.00;160060.56;5307755;27;20016;-61
2026/01/29 19:12:15;;;;;;;64.93;30.55;;;;;;;4.73;100.00;160045.91;5306794;26;20013;-62
2026/01/29 19:14:41;;;;;;;65.80;34.50;;;;;;;4.71;100.00;160039.25;5306344;27;20302;-62
2026/01/29 19:17:07;;;;;;;57.90;30.55;;;;;;;4.68;100.00;160031.28;5305561;27;20001;-62
2026/01/29 19:19:33;;;;;;;63.40;30.75;;;;;;;4.66;100.00;160027.28;5306855;26;20001;-62
2026/01/29 19:21:59;;;;;;;61.47;29.60;;;;;;;4.66;100.00;160025.97;5307161;26;20340;-62
2026/01/29 19:24:25;;;;;;;52.17;26.20;;;;;;;4.63;100.00;160019.31;5307471;27;20074;-62
2026/01/29 19:26:52;;;;;;;56.13;28.67;;;;;;;4.62;100.00;160015.31;5303703;27;20402;-62
2026/01/29 19:29:18;;;;;;;52.22;26.90;;;;;;;4.60;100.00;160010.00;5306835;27;20045;-62
2026/01/29 19:31:44;;;;;;;65.57;30.30;;;;;;;4.57;100.00;160004.66;5306822;26;20006;-62
2026/01/29 19:34:10;;;;;;;58.58;29.02;;;;;;;4.57;100.00;160003.34;5307027;26;20018;-63
2026/01/29 19:36:36;;;;;;;55.17;27.67;;;;;;;4.56;100.00;160002.03;5306228;27;20002;-62
2026/01/29 19:39:02;;;;;;;56.63;28.40;;;;;;;4.56;100.00;160000.72;5307908;27;20591;-62
2026/01/29 19:41:27;;;;;;;52.28;26.13;;;;;;;4.54;100.00;159995.38;5308591;27;20016;-62
2026/01/29 19:43:53;;;;;;;55.15;26.52;;;;;;;4.53;100.00;159992.69;5308181;27;20444;-62
2026/01/29 19:46:19;;;;;;;52.08;26.85;;;;;;;4.52;100.00;159990.06;5307965;27;20016;-62
2026/01/29 19:48:45;;;;;;;52.22;25.83;;;;;;;4.49;100.00;159983.41;5307359;27;20033;-59
2026/01/29 19:51:11;;;;;;;48.38;25.67;;;;;;;4.48;100.00;159980.72;5308086;27;20006;-62
2026/01/29 19:53:39;;;;;;;53.55;26.23;;;;;;;4.47;100.00;159978.09;5307144;27;20017;-64
2026/01/29 19:56:05;;;;;;;52.78;25.73;;;;;;;4.43;100.00;159967.44;5306913;27;20441;-63
2026/01/29 19:58:31;;;;;;;54.08;24.13;;;;;;;4.41;100.00;159960.81;5306026;26;20012;-62
2026/01/29 20:00:57;;;;;;;49.78;25.63;;;;;;;4.37;100.00;159951.47;5306984;27;20005;-61
2026/01/29 20:03:23;;;;;;;53.53;26.65;;;;;;;4.38;100.00;159952.78;5307822;27;19997;-63
2026/01/29 20:05:48;;;;;;;47.03;23.63;;;;;;;4.35;100.00;159946.16;5305839;27;19997;-62
2026/01/29 20:08:15;;;;;;;46.72;22.85;;;;;;;4.33;100.00;159942.16;5305863;27;20360;-61
2026/01/29 20:10:40;;;;;;;50.22;23.45;;;;;;;4.28;100.00;159927.53;5305794;26;20002;-62
2026/01/29 20:13:08;;;;;;;48.72;22.25;;;;;;;4.24;100.00;159918.22;5307275;27;20442;-62
2026/01/29 20:15:34;;;;;;;48.13;22.05;;;;;;;4.21;100.00;159910.25;5305964;26;20462;-63
2026/01/29 20:18:00;;;;;;;54.45;25.25;;;;;;;4.16;100.00;159896.97;5304933;26;20001;-64
2026/01/29 20:20:26;;;;;;;49.75;25.38;;;;;;;4.08;100.00;159877.00;5305791;27;19994;-63
2026/01/29 20:22:52;;;;;;;57.85;26.40;;;;;;;3.93;100.00;159838.47;5306856;27;20001;-62
2026/01/29 20:25:19;;;;;;;51.60;26.15;;;;;;;3.91;100.00;159833.16;5306850;26;20001;-63
2026/01/29 20:27:45;;;;;;;55.45;26.92;;;;;;;3.89;100.00;159827.81;5303102;27;20385;-62
2026/01/29 20:30:11;;;;;;;61.20;28.73;;;;;;;3.83;100.00;159811.88;5306312;26;20026;-61
2026/01/29 20:32:37;;;;;;;57.53;29.02;;;;;;;3.72;100.00;159783.94;5306564;26;20034;-62
2026/01/29 20:35:03;;;;;;;61.30;30.92;;;;;;;3.72;100.00;159782.63;5306738;27;20002;-62
2026/01/29 20:37:29;;;;;;;70.07;33.50;;;;;;;3.64;100.00;159762.66;5305882;27;20020;-63
2026/01/29 20:39:55;;;;;;;65.50;31.33;;;;;;;3.62;100.00;159756.00;5306608;27;20002;-63
2026/01/29 20:42:24;;;;;;;70.22;30.50;;;;;;;3.59;100.00;159749.38;5306775;27;20002;-64
2026/01/29 20:44:50;;;;;;;64.53;29.45;;;;;;;3.56;100.00;159740.06;5305329;27;20002;-63
2026/01/29 20:47:16;;;;;;;72.25;32.13;;;;;;;3.52;100.00;159730.78;5304350;26;20033;-62
2026/01/29 20:49:42;;;;;;;65.78;30.80;;;;;;;3.49;100.00;159722.78;5306692;27;19998;-63
2026/01/29 20:52:08;;;;;;;75.82;31.58;;;;;;;3.46;100.00;159716.13;5306538;27;20002;-62
2026/01/29 20:54:33;;;;;;;119.47;56.05;;;;;;;3.43;100.00;159708.19;5306165;27;19997;-62
2026/01/29 20:56:59;;;;;;;109.85;54.60;;;;;;;3.42;100.00;159705.50;5305218;27;19998;-63
2026/01/29 20:59:25;;;;;;;93.07;46.55;;;;;;;3.46;100.00;159714.81;5305342;27;20448;-62
2026/01/29 21:01:51;;;;;;;68.80;31.55;;;;;;;3.46;100.00;159714.81;5304803;26;20012;-62
2026/01/29 21:04:17;;;;;;;66.35;30.42;;;;;;;3.46;100.00;159716.13;5305769;27;20001;-64
2026/01/29 21:06:43;;;;;;;64.32;31.23;;;;;;;3.45;100.00;159712.19;5304614;27;20038;-64
2026/01/29 21:09:09;;;;;;;72.68;33.67;;;;;;;3.40;100.00;159700.22;5305882;27;19998;-64
2026/01/29 21:11:35;;;;;;;72.63;33.20;;;;;;;3.46;100.00;159716.13;5305467;27;20013;-64
2026/01/29 21:14:01;;;;;;;70.10;30.67;;;;;;;3.46;100.00;159716.13;5306081;27;20001;-66
2026/01/29 21:16:27;;;;;;;70.63;32.55;;;;;;;3.43;100.00;159708.19;5306554;27;20002;-65
2026/01/29 21:18:52;;;;;;;67.10;30.42;;;;;;;3.40;100.00;159700.22;5308824;27;19997;-62
2026/01/29 21:21:18;;;;;;;74.10;31.38;;;;;;;3.39;100.00;159696.22;5308934;27;20013;-65
2026/01/29 21:23:44;;;;;;;66.72;29.33;;;;;;;3.42;100.00;159704.19;5309285;27;20009;-64
2026/01/29 21:26:10;;;;;;;72.97;29.08;;;;;;;3.37;100.00;159690.91;5307839;27;20310;-66
2026/01/29 21:28:36;;;;;;;62.72;28.80;;;;;;;3.33;100.00;159681.56;5307372;27;20013;-63
2026/01/29 21:31:04;;;;;;;69.88;30.77;;;;;;;3.36;100.00;159689.59;5308334;26;20001;-63
2026/01/29 21:33:30;;;;;;;72.82;32.33;;;;;;;3.31;100.00;159677.63;5309089;27;19997;-64
2026/01/29 21:35:55;;;;;;;71.00;31.63;;;;;;;3.32;100.00;159678.94;5309390;26;20013;-64
2026/01/29 21:38:21;;;;;;;68.75;31.13;;;;;;;3.29;100.00;159672.31;5308793;27;20013;-65
2026/01/29 21:40:47;;;;;;;70.80;31.13;;;;;;;3.29;100.00;159670.94;5309468;27;20002;-63
2026/01/29 21:43:13;;;;;;;77.47;32.83;;;;;;;3.25;100.00;159661.66;5309346;27;19998;-63
2026/01/29 21:45:39;;;;;;;74.43;34.58;;;;;;;3.30;100.00;159673.63;5308928;27;20002;-63
2026/01/29 21:48:05;;;;;;;80.18;35.17;;;;;;;3.21;100.00;159651.03;5308376;27;20016;-63
2026/01/29 21:50:31;;;;;;;75.00;33.63;;;;;;;3.22;100.00;159652.34;5305986;27;20051;-64
2026/01/29 21:52:57;;;;;;;69.68;31.60;;;;;;;3.23;100.00;159656.34;5308791;27;20001;-64
2026/01/29 21:55:23;;;;;;;77.68;32.58;;;;;;;3.16;100.00;159637.75;5308313;27;20002;-65
2026/01/29 21:57:48;;;;;;;66.68;31.70;;;;;;;3.16;100.00;159636.38;5307999;27;20034;-64
2026/01/29 22:00:14;;;;;;;74.95;32.55;;;;;;;3.20;100.00;159648.41;5307798;27;19997;-63
2026/01/29 22:02:40;;;;;;;69.80;29.85;;;;;;;3.26;100.00;159663.00;5308032;27;20519;-64
2026/01/29 22:05:06;;;;;;;68.45;32.88;;;;;;;3.26;100.00;159664.31;5308397;27;20433;-64
2026/01/29 22:07:32;;;;;;;73.20;31.15;;;;;;;3.27;100.00;159665.66;5307747;27;20005;-65
2026/01/29 22:09:58;;;;;;;73.70;31.13;;;;;;;3.22;100.00;159653.66;5308776;27;20090;-63
2026/01/29 22:12:24;;;;;;;71.88;30.02;;;;;;;3.27;100.00;159665.66;5308290;26;20008;-64
2026/01/29 22:14:50;;;;;;;65.28;28.05;;;;;;;3.29;100.00;159670.94;5308588;27;20006;-64
2026/01/29 22:17:15;;;;;;;62.65;28.33;;;;;;;3.34;100.00;159682.94;5307800;26;20002;-63
2026/01/29 22:19:41;;;;;;;63.17;27.80;;;;;;;3.37;100.00;159692.22;5307378;27;20001;-63
2026/01/29 22:22:07;;;;;;;68.63;29.33;;;;;;;3.34;100.00;159682.94;5308306;27;20002;-63
2026/01/29 22:24:33;;;;;;;67.28;31.33;;;;;;;3.35;100.00;159685.59;5307976;27;20676;-63
2026/01/29 22:26:59;;;;;;;71.72;31.30;;;;;;;3.30;100.00;159674.94;5304263;26;20001;-63
2026/01/29 22:29:25;;;;;;;83.47;33.40;;;;;;;3.30;100.00;159674.94;5306679;26;19998;-65
2026/01/29 22:31:51;;;;;;;78.05;32.58;;;;;;;3.21;100.00;159651.03;5308637;27;20015;-64
2026/01/29 22:34:17;;;;;;;63.67;29.52;;;;;;;3.19;100.00;159645.72;5307872;27;19997;-63
2026/01/29 22:36:43;;;;;;;63.72;27.10;;;;;;;3.19;100.00;159644.41;5306441;27;20453;-64
2026/01/29 22:39:09;;;;;;;76.07;30.63;;;;;;;3.19;100.00;159644.41;5308315;27;19997;-65
2026/01/29 22:41:34;;;;;;;78.90;35.20;;;;;;;3.17;100.00;159639.06;5308103;27;20477;-64
2026/01/29 22:44:00;;;;;;;75.15;33.13;;;;;;;3.17;100.00;159640.38;5307071;27;19997;-64
2026/01/29 22:46:26;;;;;;;66.18;30.17;;;;;;;3.20;100.00;159648.41;5306915;27;19997;-63
2026/01/29 22:48:52;;;;;;;59.03;28.00;;;;;;;3.14;100.00;159632.44;5308058;27;19998;-63
2026/01/29 22:51:18;;;;;;;63.72;29.00;;;;;;;3.08;100.00;159617.78;5308470;27;20136;-64
2026/01/29 22:53:44;;;;;;;63.55;27.77;;;;;;;3.08;100.00;159617.78;5307403;27;20105;-63
2026/01/29 22:56:10;;;;;;;61.17;28.52;;;;;;;3.09;100.00;159619.13;5308676;27;20001;-63
2026/01/29 22:58:37;;;;;;;74.05;31.65;;;;;;;3.04;100.00;159607.16;5307313;27;20329;-64
2026/01/29 23:01:04;;;;;;;63.72;28.45;;;;;;;3.01;100.00;159597.88;5309192;27;19997;-65
2026/01/29 23:03:29;;;;;;;64.15;28.60;;;;;;;3.05;100.00;159609.84;5310337;26;20020;-65
2026/01/29 23:05:55;;;;;;;78.28;33.00;;;;;;;3.02;100.00;159600.53;5312840;26;20001;-67
2026/01/29 23:08:21;;;;;;;76.03;33.58;;;;;;;3.02;100.00;159601.84;5309361;27;19998;-66
2026/01/29 23:10:47;;;;;;;88.45;36.75;;;;;;;3.03;100.00;159604.53;5298382;27;19994;-63
2026/01/29 23:13:13;;;;;;;143.15;54.00;;;;;;;3.07;100.00;159615.16;5310384;27;20001;-64
2026/01/29 23:15:39;;;;;;;150.55;52.50;;;;;;;3.06;100.00;159612.47;5310523;27;20001;-64
2026/01/29 23:18:05;;;;;;;119.18;44.47;;;;;;;3.11;100.00;159624.44;5309858;27;19997;-64
2026/01/29 23:20:31;;;;;;;128.32;47.45;;;;;;;3.10;100.00;159623.13;5309548;27;19998;-64
2026/01/29 23:22:57;;;;;;;133.30;47.20;;;;;;;3.11;100.00;159624.44;5309440;26;20036;-65
2026/01/29 23:25:23;;;;;;;191.35;56.28;;;;;;;3.11;100.00;159625.81;5309616;27;20356;-64
2026/01/29 23:27:49;;;;;;;186.45;56.33;;;;;;;3.14;100.00;159632.44;5308462;27;20019;-64
2026/01/29 23:30:14;;;;;;;295.50;83.40;;;;;;;3.15;100.00;159635.06;5309381;27;20002;-64
2026/01/29 23:32:41;;;;;;;351.05;97.88;;;;;;;3.14;100.00;159632.44;5309059;26;19997;-65
2026/01/29 23:35:09;;;;;;;294.05;84.63;;;;;;;3.10;100.00;159623.13;5309628;26;20047;-64
2026/01/29 23:37:36;;;;;;;84.45;31.85;;;;;;;3.04;100.00;159607.16;5308756;27;20380;-65
2026/01/29 23:40:02;;;;;;;74.20;29.10;;;;;;;3.02;100.00;159601.84;5308913;26;19997;-64
2026/01/29 23:42:28;;;;;;;60.00;26.38;;;;;;;2.98;100.00;159591.25;5309464;27;20001;-66
2026/01/29 23:44:54;;;;;;;55.42;25.92;;;;;;;2.97;100.00;159587.25;5309543;27;20448;-64
2026/01/29 23:47:20;;;;;;;64.47;26.25;;;;;;;2.98;100.00;159589.88;5308430;27;19997;-64
2026/01/29 23:49:46;;;;;;;94.80;37.35;;;;;;;3.00;100.00;159595.19;5309122;27;19997;-64
2026/01/29 23:52:12;;;;;;;164.05;51.60;;;;;;;3.00;100.00;159595.19;5308972;27;20080;-64
2026/01/29 23:54:38;;;;;;;148.80;50.33;;;;;;;2.96;100.00;159585.94;5308875;26;20016;-64
2026/01/29 23:57:04;;;;;;;284.83;84.47;;;;;;;3.02;100.00;159600.53;5308707;27;20384;-63
2026/01/29 23:59:30;;;;;;;253.05;72.13;;;;;;;3.05;100.00;159609.84;5309351;27;20006;-64
