Time;durP1;ratioP1;P1;durP2;ratioP2;P2;SDS_P1;SDS_P2;PMS_P1;PMS_P2;Temp;Humidity;BMP_temperature;BMP_pressure;BME280_temperature;BME280_humidity;BME280_pressure;Samples;Min_cycle;Max_cycle;Signal;HPM_P1;HPM_P2
2026/07/26 00:02:01;;;;;;;4.80;2.78;;;;;;;23.44;76.28;164932.41;5470805;26;19998;-66
2026/07/26 00:04:27;;;;;;;4.10;2.40;;;;;;;23.47;76.11;164941.78;5475776;26;20013;-66
2026/07/26 00:06:53;;;;;;;7.10;2.60;;;;;;;23.47;76.13;164940.47;5488128;26;19990;-67
2026/07/26 00:09:19;;;;;;;5.80;2.47;;;;;;;23.42;76.25;164927.00;5487452;26;19998;-66
2026/07/26 00:11:45;;;;;;;5.90;2.45;;;;;;;23.46;76.01;164937.78;5486741;26;19995;-67
2026/07/26 00:14:11;;;;;;;3.38;2.30;;;;;;;23.46;76.07;164939.13;5487496;26;20008;-67
2026/07/26 00:16:36;;;;;;;6.47;2.45;;;;;;;23.41;75.41;164925.69;5488244;26;20005;-67
2026/07/26 00:19:02;;;;;;;8.77;2.40;;;;;;;23.45;75.71;164935.06;5487823;26;20333;-67
2026/07/26 00:21:28;;;;;;;4.50;2.65;;;;;;;23.43;75.85;164929.69;5488122;26;20009;-67
2026/07/26 00:23:54;;;;;;;5.10;2.50;;;;;;;23.42;76.23;164928.34;5487595;26;19994;-67
2026/07/26 00:26:20;;;;;;;4.43;2.20;;;;;;;23.42;75.93;164928.34;5487862;26;20013;-66
2026/07/26 00:28:46;;;;;;;5.85;2.35;;;;;;;23.41;75.70;164925.69;5487725;26;19990;-67
2026/07/26 00:31:12;;;;;;;3.55;2.33;;;;;;;23.43;76.30;164931.00;5487736;26;20009;-66
2026/07/26 00:33:37;;;;;;;8.35;2.70;;;;;;;23.38;76.52;164918.91;5487559;26;20424;-67
2026/07/26 00:36:03;;;;;;;4.10;2.80;;;;;;;23.33;76.59;164905.47;5490335;26;20009;-67
2026/07/26 00:38:29;;;;;;;4.55;2.30;;;;;;;23.34;76.77;164908.19;5502492;26;20008;-67
2026/07/26 00:40:55;;;;;;;4.95;2.38;;;;;;;23.32;77.05;164902.78;5487526;26;20009;-67
2026/07/26 00:43:21;;;;;;;3.53;2.45;;;;;;;23.26;77.59;164885.31;5495563;26;20428;-66
2026/07/26 00:45:47;;;;;;;4.90;2.35;;;;;;;23.24;77.30;164881.25;5487391;26;20009;-67
2026/07/26 00:48:13;;;;;;;4.72;2.22;;;;;;;23.28;77.88;164892.03;5487187;26;19994;-67
2026/07/26 00:50:39;;;;;;;5.28;2.15;;;;;;;23.30;77.68;164896.03;5487116;26;20069;-67
2026/07/26 00:53:04;;;;;;;4.07;2.40;;;;;;;23.30;77.40;164897.41;5487224;26;20340;-67
2026/07/26 00:55:30;;;;;;;4.40;2.20;;;;;;;23.31;77.57;164900.06;5487383;26;19995;-67
2026/07/26 00:57:56;;;;;;;4.28;2.40;;;;;;;23.28;77.66;164890.69;5487321;26;20009;-67
2026/07/26 01:00:22;;;;;;;5.05;2.30;;;;;;;23.23;78.29;164877.19;5487290;26;19994;-67
2026/07/26 01:02:48;;;;;;;5.00;2.45;;;;;;;23.22;78.29;164874.53;5486879;26;20013;-66
2026/07/26 01:05:14;;;;;;;5.30;2.40;;;;;;;23.08;78.56;164838.19;5487105;26;19990;-67
2026/07/26 01:07:40;;;;;;;5.93;2.50;;;;;;;23.08;78.64;164838.19;5487119;26;20009;-66
2026/07/26 01:10:06;;;;;;;6.93;2.22;;;;;;;23.02;79.10;164823.38;5486818;26;20343;-66
2026/07/26 01:12:32;;;;;;;3.78;2.42;;;;;;;22.98;78.72;164813.88;5486881;26;19994;-66
2026/07/26 01:14:57;;;;;;;5.43;2.30;;;;;;;23.02;79.29;164822.03;5487039;26;19994;-67
2026/07/26 01:17:23;;;;;;;11.15;3.33;;;;;;;22.88;79.67;164785.66;5488331;26;19994;-66
2026/07/26 01:19:49;;;;;;;4.65;2.53;;;;;;;22.82;80.03;164770.84;5486829;26;20009;-66
2026/07/26 01:22:15;;;;;;;4.68;2.67;;;;;;;22.74;80.31;164749.28;5485898;26;19994;-66
2026/07/26 01:24:41;;;;;;;6.70;2.90;;;;;;;22.64;81.16;164722.41;5486363;26;20005;-66
2026/07/26 01:27:07;;;;;;;3.88;2.33;;;;;;;22.60;80.73;164712.97;5485989;26;20500;-66
2026/07/26 01:29:33;;;;;;;5.03;2.60;;;;;;;22.63;81.21;164719.69;5486828;26;20005;-67
2026/07/26 01:31:58;;;;;;;4.93;2.70;;;;;;;22.61;81.58;164714.31;5486330;26;20491;-67
2026/07/26 01:34:24;;;;;;;4.50;2.75;;;;;;;22.62;81.39;164718.38;5486564;26;19995;-66
2026/07/26 01:36:50;;;;;;;6.13;2.65;;;;;;;22.62;81.74;164718.38;5486402;26;19990;-67
2026/07/26 01:39:16;;;;;;;8.23;3.03;;;;;;;22.54;82.12;164696.81;5486522;26;20013;-66
2026/07/26 01:41:42;;;;;;;5.85;3.00;;;;;;;22.56;82.90;164703.53;5486552;26;19990;-66
2026/07/26 01:44:08;;;;;;;7.22;2.50;;;;;;;22.58;83.59;164706.25;5486437;26;19998;-66
2026/07/26 01:46:34;;;;;;;7.15;2.80;;;;;;;22.52;83.67;164692.81;5486317;26;19994;-66
2026/07/26 01:49:00;;;;;;;4.82;2.67;;;;;;;22.38;84.22;164655.13;5488591;26;19994;-66
2026/07/26 01:51:25;;;;;;;4.05;2.67;;;;;;;22.32;84.23;164638.97;5489768;26;20045;-65
2026/07/26 01:53:51;;;;;;;7.88;3.08;;;;;;;22.28;84.79;164628.25;5490397;26;20596;-66
2026/07/26 01:56:17;;;;;;;4.60;2.80;;;;;;;22.32;84.88;164638.97;5489961;26;20005;-66
2026/07/26 01:58:43;;;;;;;5.93;3.33;;;;;;;22.38;85.49;164653.78;5489299;26;19998;-67
2026/07/26 02:01:10;;;;;;;6.88;3.50;;;;;;;22.32;86.57;164640.34;5488833;26;20452;-66
2026/07/26 02:03:36;;;;;;;3.85;2.97;;;;;;;22.42;86.79;164664.56;5476086;26;20469;-67
2026/07/26 02:06:02;;;;;;;4.55;2.85;;;;;;;22.40;87.83;164660.50;5489415;26;20021;-67
2026/07/26 02:08:28;;;;;;;6.20;3.45;;;;;;;22.41;89.01;164663.22;5489934;26;20348;-67
2026/07/26 02:10:53;;;;;;;5.70;3.22;;;;;;;22.46;89.23;164676.66;5489938;26;19994;-67
2026/07/26 02:13:19;;;;;;;5.30;3.28;;;;;;;22.53;89.55;164695.50;5489651;26;20425;-67
2026/07/26 02:15:45;;;;;;;7.80;3.55;;;;;;;22.53;90.58;164694.16;5489765;26;19994;-67
2026/07/26 02:18:11;;;;;;;7.32;3.35;;;;;;;22.53;90.66;164695.50;5489593;26;19990;-67
2026/07/26 02:20:37;;;;;;;8.10;3.63;;;;;;;22.48;92.15;164682.06;5489480;26;20001;-66
2026/07/26 02:23:03;;;;;;;9.50;3.80;;;;;;;22.42;93.34;164664.56;5489473;26;20371;-66
2026/07/26 02:25:29;;;;;;;5.10;3.35;;;;;;;22.39;94.71;164657.84;5489283;26;19994;-66
2026/07/26 02:27:54;;;;;;;5.80;3.65;;;;;;;22.35;95.73;164647.09;5489372;26;20005;-66
2026/07/26 02:30:20;;;;;;;5.97;3.85;;;;;;;22.34;96.39;164645.75;5489750;26;19990;-66
2026/07/26 02:32:46;;;;;;;7.28;4.10;;;;;;;22.29;98.15;164632.25;5489328;26;20009;-66
2026/07/26 02:35:12;;;;;;;5.57;3.88;;;;;;;22.27;98.98;164625.53;5488488;26;19994;-67
2026/07/26 02:37:38;;;;;;;6.45;4.63;;;;;;;22.22;99.92;164613.44;5488351;26;19998;-66
2026/07/26 02:40:05;;;;;;;7.32;4.10;;;;;;;22.20;100.00;164608.00;5489314;26;20329;-67
2026/07/26 02:42:30;;;;;;;5.90;3.80;;;;;;;22.19;100.00;164603.94;5489116;26;20002;-66
2026/07/26 02:44:56;;;;;;;5.32;4.28;;;;;;;22.22;100.00;164613.44;5489415;26;20001;-67
2026/07/26 02:47:22;;;;;;;8.05;3.88;;;;;;;22.13;100.00;164590.53;5489208;26;20440;-67
2026/07/26 02:49:48;;;;;;;5.28;3.70;;;;;;;22.18;100.00;164602.63;5488993;26;19994;-66
2026/07/26 02:52:14;;;;;;;4.82;3.88;;;;;;;22.18;100.00;164602.63;5489090;26;20030;-66
2026/07/26 02:54:40;;;;;;;7.40;4.75;;;;;;;22.12;100.00;164586.47;5489134;26;20328;-66
2026/07/26 02:57:06;;;;;;;5.82;3.90;;;;;;;22.12;100.00;164587.84;5489340;26;19994;-65
2026/07/26 02:59:32;;;;;;;6.55;4.03;;;;;;;22.10;100.00;164581.13;5488210;26;20012;-66
2026/07/26 03:01:58;;;;;;;7.97;4.07;;;;;;;22.04;100.00;164566.31;5488940;26;19990;-66
2026/07/26 03:04:23;;;;;;;6.13;4.10;;;;;;;22.05;100.00;164567.66;5488649;26;20013;-66
2026/07/26 03:06:49;;;;;;;6.32;4.28;;;;;;;22.09;100.00;164579.75;5488661;26;19994;-66
2026/07/26 03:09:15;;;;;;;7.80;4.20;;;;;;;22.10;100.00;164582.47;5488519;26;20478;-66
2026/07/26 03:11:41;;;;;;;8.90;4.35;;;;;;;22.05;100.00;164567.66;5488622;26;19990;-67
2026/07/26 03:14:07;;;;;;;6.32;3.88;;;;;;;22.09;100.00;164578.41;5487894;26;20009;-67
2026/07/26 03:16:33;;;;;;;6.40;4.10;;;;;;;22.10;100.00;164581.13;5489037;26;20010;-67
2026/07/26 03:18:59;;;;;;;7.53;4.57;;;;;;;22.11;100.00;164585.13;5488835;26;20013;-66
2026/07/26 03:21:24;;;;;;;4.95;4.00;;;;;;;22.08;100.00;164577.09;5488675;26;19993;-66
2026/07/26 03:23:50;;;;;;;7.90;4.43;;;;;;;22.05;100.00;164567.66;5488787;26;19998;-66
2026/07/26 03:26:16;;;;;;;4.88;3.97;;;;;;;22.00;100.00;164555.53;5488517;26;20005;-67
2026/07/26 03:28:42;;;;;;;6.38;3.85;;;;;;;21.94;100.00;164539.41;5487549;26;20436;-66
2026/07/26 03:31:08;;;;;;;5.50;4.10;;;;;;;21.96;100.00;164544.78;5489070;26;19994;-66
2026/07/26 03:33:34;;;;;;;7.85;4.35;;;;;;;21.95;100.00;164542.13;5488583;26;20452;-67
2026/07/26 03:36:00;;;;;;;6.93;4.32;;;;;;;22.01;100.00;164558.25;5485685;26;20002;-66
2026/07/26 03:38:26;;;;;;;6.00;4.32;;;;;;;21.88;100.00;164524.63;5484520;26;20017;-66
2026/07/26 03:40:52;;;;;;;5.00;3.90;;;;;;;21.83;100.00;164511.19;5483730;26;19994;-66
2026/07/26 03:43:18;;;;;;;6.63;4.30;;;;;;;21.82;100.00;164508.47;5483495;26;19998;-66
2026/07/26 03:45:44;;;;;;;6.38;4.38;;;;;;;21.83;100.00;164509.81;5484312;26;20467;-66
2026/07/26 03:48:10;;;;;;;5.00;4.05;;;;;;;21.81;100.00;164505.81;5482747;26;19990;-66
2026/07/26 03:50:36;;;;;;;5.10;4.15;;;;;;;21.76;100.00;164491.00;5482729;26;20337;-66
2026/07/26 03:53:01;;;;;;;6.00;3.88;;;;;;;21.73;100.00;164484.28;5483915;26;20038;-66
2026/07/26 03:55:27;;;;;;;8.35;4.70;;;;;;;21.72;100.00;164482.94;5483839;26;20463;-67
2026/07/26 03:57:53;;;;;;;9.27;3.95;;;;;;;21.65;100.00;164464.09;5483663;26;20002;-66
2026/07/26 04:00:19;;;;;;;6.13;4.47;;;;;;;21.66;100.00;164465.47;5486840;26;20600;-66
2026/07/26 04:02:45;;;;;;;5.78;4.18;;;;;;;21.70;100.00;164477.56;5484096;26;19994;-66
2026/07/26 04:05:11;;;;;;;5.07;3.80;;;;;;;21.70;100.00;164477.56;5483482;26;19998;-66
2026/07/26 04:07:37;;;;;;;5.30;3.65;;;;;;;21.78;100.00;164496.38;5483349;26;19994;-66
2026/07/26 04:10:04;;;;;;;5.55;4.07;;;;;;;21.76;100.00;164491.00;5484279;26;20020;-66
2026/07/26 04:12:29;;;;;;;5.40;3.97;;;;;;;21.81;100.00;164504.44;5486097;26;20343;-66
2026/07/26 04:14:55;;;;;;;9.13;4.00;;;;;;;21.85;100.00;164515.19;5488061;26;19997;-66
2026/07/26 04:17:21;;;;;;;8.00;3.83;;;;;;;21.79;100.00;164499.03;5487546;26;20009;-66
2026/07/26 04:19:47;;;;;;;7.90;4.07;;;;;;;21.83;100.00;164509.81;5487859;26;19998;-67
2026/07/26 04:22:13;;;;;;;7.65;4.20;;;;;;;21.85;100.00;164515.19;5487486;26;20009;-62
2026/07/26 04:24:39;;;;;;;5.93;3.95;;;;;;;21.92;100.00;164534.00;5512557;25;20423;-62
2026/07/26 04:27:05;;;;;;;5.57;4.07;;;;;;;22.01;100.00;164556.88;5500469;26;20005;-64
2026/07/26 04:29:30;;;;;;;5.05;3.92;;;;;;;22.08;100.00;164575.75;5488726;26;19990;-63
2026/07/26 04:31:56;;;;;;;7.57;3.90;;;;;;;22.10;100.00;164581.13;5496250;26;20340;-63
2026/07/26 04:34:22;;;;;;;11.15;3.78;;;;;;;22.08;100.00;164577.09;5487892;26;20010;-64
2026/07/26 04:36:48;;;;;;;5.80;3.72;;;;;;;22.10;100.00;164581.13;5487909;26;19994;-65
2026/07/26 04:39:14;;;;;;;6.07;3.80;;;;;;;22.07;100.00;164573.03;5488035;26;20436;-63
2026/07/26 04:41:40;;;;;;;5.55;4.18;;;;;;;22.15;100.00;164594.56;5506884;26;19994;-63
2026/07/26 04:44:06;;;;;;;4.20;3.42;;;;;;;22.13;100.00;164589.19;5487516;26;20009;-64
2026/07/26 04:46:31;;;;;;;4.72;3.63;;;;;;;22.19;100.00;164603.94;5471782;26;20447;-64
2026/07/26 04:48:57;;;;;;;6.32;3.83;;;;;;;22.22;100.00;164613.44;5487472;26;19994;-63
2026/07/26 04:51:23;;;;;;;4.93;3.78;;;;;;;22.27;100.00;164626.88;5487107;26;20009;-64
2026/07/26 04:53:49;;;;;;;5.82;3.28;;;;;;;22.23;100.00;164614.78;5487220;26;20005;-63
2026/07/26 04:56:15;;;;;;;4.85;3.58;;;;;;;22.20;100.00;164608.00;5494990;26;19991;-64
2026/07/26 04:58:41;;;;;;;5.50;3.17;;;;;;;22.27;100.00;164626.88;5486126;26;20013;-63
2026/07/26 05:01:07;;;;;;;7.75;3.70;;;;;;;22.35;100.00;164647.09;5475862;26;19999;-62
2026/07/26 05:03:33;;;;;;;4.55;3.40;;;;;;;22.40;100.00;164660.50;5498426;26;20012;-64
2026/07/26 05:05:59;;;;;;;6.93;3.58;;;;;;;22.42;100.00;164665.91;5487115;26;20013;-63
2026/07/26 05:08:25;;;;;;;6.32;3.65;;;;;;;22.45;100.00;164673.94;5487002;26;19994;-64
2026/07/26 05:10:51;;;;;;;5.53;3.40;;;;;;;22.49;100.00;164684.72;5478986;26;20014;-63
2026/07/26 05:13:16;;;;;;;6.57;3.33;;;;;;;22.50;100.00;164686.06;5491322;26;20015;-66
2026/07/26 05:15:42;;;;;;;4.35;3.15;;;;;;;22.55;100.00;164700.88;5486494;26;20321;-64
2026/07/26 05:18:08;;;;;;;5.25;3.30;;;;;;;22.63;100.00;164721.03;5486930;26;20067;-64
2026/07/26 05:20:34;;;;;;;4.80;3.50;;;;;;;22.68;100.00;164734.53;5473372;26;20010;-65
2026/07/26 05:23:00;;;;;;;5.53;3.25;;;;;;;22.74;100.00;164750.69;5486442;26;19997;-64
2026/07/26 05:25:26;;;;;;;8.65;3.47;;;;;;;22.77;100.00;164757.41;5488905;26;20072;-64
2026/07/26 05:27:52;;;;;;;4.75;3.40;;;;;;;22.81;100.00;164768.16;5490469;26;20425;-65
2026/07/26 05:30:18;;;;;;;4.68;3.50;;;;;;;22.87;100.00;164782.94;5490194;26;20421;-64
2026/07/26 05:32:44;;;;;;;5.50;3.60;;;;;;;22.78;100.00;164760.06;5490552;26;20005;-65
2026/07/26 05:35:09;;;;;;;6.50;3.30;;;;;;;22.85;100.00;164777.56;5487988;26;20444;-65
2026/07/26 05:37:35;;;;;;;4.22;3.28;;;;;;;22.83;100.00;164773.50;5474590;26;19998;-65
2026/07/26 05:40:01;;;;;;;5.20;3.53;;;;;;;22.74;100.00;164749.28;5487137;26;19990;-65
2026/07/26 05:42:27;;;;;;;5.55;3.30;;;;;;;22.80;100.00;164765.47;5490425;26;20420;-65
2026/07/26 05:44:53;;;;;;;5.40;3.78;;;;;;;22.76;100.00;164756.03;5495004;25;19995;-64
2026/07/26 05:47:19;;;;;;;4.40;3.65;;;;;;;22.82;100.00;164770.84;5492587;26;20078;-65
2026/07/26 05:49:45;;;;;;;6.00;4.15;;;;;;;22.86;100.00;164780.28;5486697;26;20418;-64
2026/07/26 05:52:11;;;;;;;6.22;3.58;;;;;;;22.91;100.00;164793.72;5485340;26;20005;-65
2026/07/26 05:54:37;;;;;;;4.35;3.30;;;;;;;22.84;100.00;164776.22;5489369;26;19990;-64
2026/07/26 05:57:03;;;;;;;4.60;3.53;;;;;;;22.78;100.00;164760.06;5488571;26;19990;-66
2026/07/26 05:59:29;;;;;;;5.80;3.70;;;;;;;22.81;100.00;164768.16;5494317;26;20006;-64
2026/07/26 06:01:55;;;;;;;5.15;3.45;;;;;;;22.94;100.00;164801.78;5486178;26;20013;-65
2026/07/26 06:04:21;;;;;;;5.70;3.15;;;;;;;22.96;100.00;164808.50;5487143;26;19998;-65
2026/07/26 06:06:47;;;;;;;5.25;3.45;;;;;;;22.91;100.00;164795.06;5489725;26;20002;-64
2026/07/26 06:09:12;;;;;;;6.32;3.53;;;;;;;22.93;100.00;164799.09;5481860;26;19998;-65
2026/07/26 06:11:38;;;;;;;7.55;4.05;;;;;;;22.92;100.00;164797.78;5495008;26;20030;-65
2026/07/26 06:14:04;;;;;;;5.80;3.95;;;;;;;22.94;100.00;164801.78;5497318;26;19998;-65
2026/07/26 06:16:30;;;;;;;6.53;4.05;;;;;;;22.82;100.00;164769.50;5489048;26;20005;-65
2026/07/26 06:18:56;;;;;;;6.15;4.65;;;;;;;22.73;100.00;164746.63;5488216;26;20320;-65
2026/07/26 06:21:22;;;;;;;6.65;4.40;;;;;;;22.71;100.00;164741.25;5487231;26;19998;-66
2026/07/26 06:23:48;;;;;;;8.98;5.10;;;;;;;22.56;100.00;164702.22;5489247;26;20009;-69
2026/07/26 06:26:13;;;;;;;9.27;4.75;;;;;;;22.53;99.30;164695.50;5488330;26;19990;-67
2026/07/26 06:28:39;;;;;;;7.30;4.40;;;;;;;22.51;95.74;164690.09;5481883;26;19998;-69
2026/07/26 06:31:05;;;;;;;11.90;5.38;;;;;;;22.34;93.94;164644.34;5489615;26;20032;-67
2026/07/26 06:33:31;;;;;;;9.07;5.03;;;;;;;22.41;93.99;164663.22;5504580;26;20010;-68
2026/07/26 06:35:57;;;;;;;9.18;4.68;;;;;;;22.42;93.42;164665.91;5489648;25;19994;-68
2026/07/26 06:38:23;;;;;;;12.75;4.97;;;;;;;22.46;92.50;164676.66;5472463;26;20017;-68
2026/07/26 06:40:49;;;;;;;7.97;4.70;;;;;;;22.54;93.45;164696.81;5489136;26;19994;-68
2026/07/26 06:43:15;;;;;;;6.80;4.45;;;;;;;22.66;91.47;164729.13;5488496;26;20017;-68
2026/07/26 06:45:40;;;;;;;8.57;4.75;;;;;;;22.67;91.94;164731.81;5489090;26;20013;-67
2026/07/26 06:48:06;;;;;;;7.75;4.72;;;;;;;22.78;91.77;164760.06;5488363;26;19998;-66
2026/07/26 06:50:32;;;;;;;7.18;4.18;;;;;;;22.99;90.73;164815.25;5488203;26;19998;-67
2026/07/26 06:52:58;;;;;;;6.78;4.65;;;;;;;23.23;89.62;164877.19;5487881;26;20010;-67
2026/07/26 06:55:24;;;;;;;7.28;4.63;;;;;;;23.34;88.53;164908.19;5487004;26;19994;-67
2026/07/26 06:57:50;;;;;;;7.88;4.63;;;;;;;23.44;87.48;164933.72;5488941;26;20001;-68
2026/07/26 07:00:16;;;;;;;7.80;4.63;;;;;;;23.51;87.12;164952.56;5488944;26;20507;-68
2026/07/26 07:02:42;;;;;;;8.82;4.68;;;;;;;23.64;87.16;164986.22;5488933;26;19994;-68
2026/07/26 07:05:07;;;;;;;6.03;4.20;;;;;;;23.75;87.54;165015.88;5488572;26;20005;-67
2026/07/26 07:07:33;;;;;;;8.70;4.43;;;;;;;23.81;88.23;165029.34;5488917;26;20428;-68
2026/07/26 07:09:59;;;;;;;9.20;5.15;;;;;;;23.92;87.10;165058.97;5488716;26;20005;-68
2026/07/26 07:12:25;;;;;;;6.00;3.85;;;;;;;24.15;86.36;165120.91;5488674;26;19998;-68
2026/07/26 07:14:51;;;;;;;6.00;4.05;;;;;;;24.42;85.78;165192.25;5488623;26;20002;-67
2026/07/26 07:17:17;;;;;;;5.40;3.85;;;;;;;24.66;84.58;165252.94;5488377;26;20010;-68
2026/07/26 07:19:43;;;;;;;5.60;4.00;;;;;;;24.91;84.78;165320.28;5488505;26;19998;-67
2026/07/26 07:22:09;;;;;;;4.75;3.78;;;;;;;25.21;82.49;165398.44;5488143;26;20443;-66
2026/07/26 07:24:35;;;;;;;8.80;4.32;;;;;;;25.32;82.48;165426.72;5488108;26;19994;-67
2026/07/26 07:27:01;;;;;;;6.80;4.15;;;;;;;25.27;82.83;165413.28;5487638;26;20332;-67
2026/07/26 07:29:26;;;;;;;5.38;3.95;;;;;;;25.31;82.73;165425.41;5488666;26;20017;-68
2026/07/26 07:31:52;;;;;;;6.30;3.90;;;;;;;25.32;82.50;165426.72;5488394;26;19994;-68
2026/07/26 07:34:18;;;;;;;7.55;3.83;;;;;;;25.13;81.98;165378.19;5488329;26;20440;-68
2026/07/26 07:36:44;;;;;;;5.88;3.67;;;;;;;25.14;84.16;165380.88;5488320;26;19994;-68
2026/07/26 07:39:10;;;;;;;5.15;3.22;;;;;;;25.31;82.75;165425.41;5487937;26;20009;-68
2026/07/26 07:41:36;;;;;;;5.80;3.88;;;;;;;25.18;81.85;165390.31;5488258;26;20002;-68
2026/07/26 07:44:02;;;;;;;3.75;3.40;;;;;;;24.94;83.32;165327.00;5488247;26;19994;-68
2026/07/26 07:46:27;;;;;;;7.63;4.10;;;;;;;24.74;84.14;165274.47;5487975;26;20034;-68
2026/07/26 07:48:53;;;;;;;6.55;3.80;;;;;;;24.62;84.22;165243.50;5488043;26;19998;-68
2026/07/26 07:51:19;;;;;;;4.70;3.50;;;;;;;24.70;84.58;165263.69;5487809;26;20009;-67
2026/07/26 07:53:45;;;;;;;5.00;3.28;;;;;;;24.76;84.04;165281.19;5487904;26;19998;-67
2026/07/26 07:56:11;;;;;;;4.75;3.75;;;;;;;24.74;85.42;165275.81;5487999;26;20579;-68
2026/07/26 07:58:37;;;;;;;7.68;4.13;;;;;;;24.64;87.03;165247.56;5487123;26;20009;-68
2026/07/26 08:01:03;;;;;;;5.30;3.47;;;;;;;24.69;86.96;165261.00;5488132;26;20005;-68
2026/07/26 08:03:28;;;;;;;6.82;3.80;;;;;;;24.57;87.15;165231.38;5487128;26;19998;-68
2026/07/26 08:05:54;;;;;;;10.40;3.97;;;;;;;24.64;86.85;165248.91;5487682;26;20006;-68
2026/07/26 08:08:21;;;;;;;8.25;3.50;;;;;;;24.75;86.53;165277.19;5487805;26;19998;-68
2026/07/26 08:10:47;;;;;;;6.38;3.90;;;;;;;24.74;86.21;165274.47;5487836;26;20002;-68
2026/07/26 08:13:12;;;;;;;7.85;4.38;;;;;;;24.82;86.50;165297.38;5487763;26;20341;-68
2026/07/26 08:15:38;;;;;;;11.15;4.75;;;;;;;24.76;87.77;165279.84;5487624;26;19998;-68
2026/07/26 08:18:04;;;;;;;9.48;4.70;;;;;;;24.88;88.15;165310.81;5487892;26;19998;-67
2026/07/26 08:20:30;;;;;;;12.02;4.82;;;;;;;24.90;87.24;165317.59;5487412;26;20030;-68
2026/07/26 08:22:56;;;;;;;8.93;4.30;;;;;;;24.90;86.87;165317.59;5487999;26;19998;-67
2026/07/26 08:25:22;;;;;;;7.70;4.05;;;;;;;24.95;86.30;165331.06;5487353;26;20033;-68
2026/07/26 08:27:48;;;;;;;7.38;3.55;;;;;;;25.04;83.91;165353.97;5487800;26;19998;-68
2026/07/26 08:30:14;;;;;;;4.93;3.25;;;;;;;25.15;82.60;165382.25;5487185;26;20006;-67
2026/07/26 08:32:40;;;;;;;6.70;3.47;;;;;;;25.23;81.37;165405.22;5487509;26;20424;-68
2026/07/26 08:35:05;;;;;;;5.50;3.50;;;;;;;25.33;79.91;165429.44;5487087;26;20012;-68
2026/07/26 08:37:31;;;;;;;8.35;3.92;;;;;;;25.37;79.71;165440.25;5486531;26;20586;-68
2026/07/26 08:39:57;;;;;;;9.07;3.40;;;;;;;25.35;79.75;165436.19;5487403;26;20002;-68
2026/07/26 08:42:23;;;;;;;6.20;2.92;;;;;;;25.69;79.88;165523.78;5487437;26;20009;-67
2026/07/26 08:44:49;;;;;;;5.28;3.45;;;;;;;26.61;76.33;165766.44;5487133;26;19994;-67
2026/07/26 08:47:15;;;;;;;6.55;3.38;;;;;;;27.30;71.84;165948.53;5487327;26;20083;-68
2026/07/26 08:49:41;;;;;;;5.47;2.97;;;;;;;27.45;69.68;165987.66;5487289;26;19998;-68
2026/07/26 08:52:07;;;;;;;8.32;2.70;;;;;;;27.39;67.14;165971.47;5487000;26;20013;-67
2026/07/26 08:54:32;;;;;;;4.85;2.58;;;;;;;27.47;66.04;165993.06;5487170;26;20341;-68
2026/07/26 08:56:58;;;;;;;7.97;2.65;;;;;;;27.43;61.78;165983.59;5487355;26;20013;-68
2026/07/26 08:59:24;;;;;;;6.72;2.90;;;;;;;27.53;62.35;166009.25;5494026;26;19998;-68
2026/07/26 09:01:50;;;;;;;5.18;2.10;;;;;;;27.54;63.76;166011.91;5494935;26;20012;-68
2026/07/26 09:04:16;;;;;;;4.53;2.35;;;;;;;27.27;64.87;165940.47;5494775;26;20375;-68
2026/07/26 09:06:42;;;;;;;6.78;2.70;;;;;;;27.27;66.84;165940.47;5495100;26;19994;-67
2026/07/26 09:09:08;;;;;;;5.60;2.40;;;;;;;27.25;67.28;165935.06;5494600;26;20464;-68
2026/07/26 09:11:34;;;;;;;4.32;2.50;;;;;;;27.13;64.86;165904.00;5494319;26;19994;-68
2026/07/26 09:14:00;;;;;;;3.45;2.15;;;;;;;26.98;65.06;165864.88;5494113;26;20002;-68
2026/07/26 09:16:25;;;;;;;4.85;2.50;;;;;;;27.07;64.03;165889.16;5494844;26;20437;-68
2026/07/26 09:18:51;;;;;;;4.45;2.17;;;;;;;26.99;64.26;165867.59;5494459;26;20012;-68
2026/07/26 09:21:17;;;;;;;4.28;2.33;;;;;;;27.04;64.26;165881.06;5494266;26;19998;-68
2026/07/26 09:23:43;;;;;;;5.72;2.20;;;;;;;27.02;62.53;165875.69;5494564;26;20013;-68
2026/07/26 09:26:09;;;;;;;5.28;2.22;;;;;;;27.14;62.43;165905.34;5494310;26;20006;-68
2026/07/26 09:28:35;;;;;;;5.60;2.38;;;;;;;27.26;63.86;165937.78;5494566;26;19998;-68
2026/07/26 09:31:01;;;;;;;5.10;2.17;;;;;;;27.48;62.45;165995.78;5494668;26;19998;-68
2026/07/26 09:33:27;;;;;;;4.22;2.30;;;;;;;27.62;61.33;166032.19;5494789;26;20023;-68
2026/07/26 09:35:53;;;;;;;4.60;2.30;;;;;;;27.70;59.65;166055.13;5494488;26;20344;-68
2026/07/26 09:38:19;;;;;;;2.53;1.83;;;;;;;27.99;58.41;166129.31;5494246;26;20006;-68
2026/07/26 09:40:45;;;;;;;3.55;2.20;;;;;;;28.50;56.12;166264.28;5494540;26;19994;-68
2026/07/26 09:43:11;;;;;;;3.83;2.22;;;;;;;28.31;57.10;166215.69;5494144;26;19998;-68
2026/07/26 09:45:36;;;;;;;2.92;2.30;;;;;;;28.20;57.54;166186.00;5494199;26;19994;-68
2026/07/26 09:48:03;;;;;;;5.20;2.40;;;;;;;28.17;57.06;166177.94;5493687;26;20020;-68
2026/07/26 09:50:28;;;;;;;4.55;2.28;;;;;;;27.79;58.10;166078.06;5493359;26;20452;-67
2026/07/26 09:52:54;;;;;;;6.93;2.50;;;;;;;27.85;58.92;166094.25;5494117;26;20013;-68
2026/07/26 09:55:20;;;;;;;4.57;2.00;;;;;;;28.14;56.13;166168.47;5494142;26;20691;-68
2026/07/26 09:57:46;;;;;;;3.97;2.00;;;;;;;28.18;54.87;166179.25;5494047;26;20002;-68
2026/07/26 10:00:12;;;;;;;3.60;2.38;;;;;;;28.08;55.71;166155.00;5494135;26;20017;-68
2026/07/26 10:02:39;;;;;;;3.00;2.05;;;;;;;27.75;57.59;166067.25;5494181;26;19994;-68
2026/07/26 10:05:05;;;;;;;5.15;1.95;;;;;;;27.95;58.42;166119.91;5494437;26;20073;-68
2026/07/26 10:07:31;;;;;;;6.43;2.00;;;;;;;27.93;57.54;166114.50;5493724;26;20011;-68
2026/07/26 10:09:57;;;;;;;3.40;2.03;;;;;;;28.51;56.52;166267.03;5491132;26;20013;-68
2026/07/26 10:12:23;;;;;;;3.20;2.13;;;;;;;28.72;53.20;166323.72;5489908;26;20048;-68
2026/07/26 10:14:49;;;;;;;41.42;5.22;;;;;;;29.39;52.03;166499.16;5489985;26;20439;-68
2026/07/26 10:17:15;;;;;;;3.53;2.20;;;;;;;30.02;49.04;166663.97;5489859;26;19998;-69
2026/07/26 10:19:41;;;;;;;4.82;1.92;;;;;;;30.15;45.44;166699.09;5489752;26;20462;-68
2026/07/26 10:22:06;;;;;;;2.95;1.73;;;;;;;30.23;45.63;166720.66;5489764;26;19994;-68
2026/07/26 10:24:32;;;;;;;2.08;1.70;;;;;;;30.08;44.87;166681.53;5489070;26;20013;-68
2026/07/26 10:26:58;;;;;;;3.50;1.83;;;;;;;30.40;43.85;166763.94;5489383;26;20417;-67
2026/07/26 10:29:24;;;;;;;8.30;2.50;;;;;;;30.61;42.94;166819.31;5489703;26;20013;-68
2026/07/26 10:31:50;;;;;;;4.97;1.80;;;;;;;30.87;42.82;166889.59;5489749;26;20009;-68
2026/07/26 10:34:16;;;;;;;4.45;1.48;;;;;;;30.65;41.36;166831.47;5489300;26;20309;-68
2026/07/26 10:36:42;;;;;;;1.90;1.50;;;;;;;31.09;39.65;166947.69;5489665;26;20009;-67
2026/07/26 10:39:08;;;;;;;3.72;1.42;;;;;;;30.74;40.34;166854.44;5489352;26;20016;-67
2026/07/26 10:41:33;;;;;;;4.88;1.83;;;;;;;31.03;40.90;166931.47;5489840;26;20013;-69
2026/07/26 10:43:59;;;;;;;2.60;1.50;;;;;;;31.32;39.44;167007.13;5489531;26;19995;-68
2026/07/26 10:46:25;;;;;;;6.50;1.98;;;;;;;31.06;39.64;166939.59;5489682;26;20336;-68
2026/07/26 10:48:51;;;;;;;6.43;2.05;;;;;;;30.64;40.49;166828.78;5489384;26;19994;-68
2026/07/26 10:51:17;;;;;;;3.72;1.77;;;;;;;30.45;41.40;166777.44;5489400;26;20013;-68
2026/07/26 10:53:43;;;;;;;6.20;2.15;;;;;;;29.83;42.84;166614.00;5489578;26;20425;-68
2026/07/26 10:56:09;;;;;;;8.40;2.08;;;;;;;29.71;42.78;166582.97;5489436;26;20006;-68
2026/07/26 10:58:35;;;;;;;3.40;1.60;;;;;;;29.76;43.59;166596.44;5488826;26;19998;-68
2026/07/26 11:01:01;;;;;;;7.50;1.88;;;;;;;29.96;43.54;166649.09;5489359;26;20317;-68
2026/07/26 11:03:27;;;;;;;2.75;1.98;;;;;;;29.48;43.41;166523.50;5488553;26;22625;-68
2026/07/26 11:05:53;;;;;;;3.97;1.88;;;;;;;29.34;45.24;166485.69;5488805;26;19998;-68
2026/07/26 11:08:21;;;;;;;4.60;2.22;;;;;;;29.44;44.44;166512.69;5489123;26;20310;-68
2026/07/26 11:10:47;;;;;;;2.65;1.83;;;;;;;29.18;45.57;166442.50;5488992;26;20009;-68
2026/07/26 11:13:13;;;;;;;4.35;1.92;;;;;;;29.11;45.03;166426.31;5488989;26;20002;-68
2026/07/26 11:15:39;;;;;;;5.03;2.00;;;;;;;29.05;45.03;166408.69;5489035;26;20448;-68
2026/07/26 11:18:04;;;;;;;2.38;1.90;;;;;;;29.59;43.96;166550.47;5488822;26;20002;-68
2026/07/26 11:20:30;;;;;;;2.47;1.90;;;;;;;30.06;43.39;166674.75;5488074;26;20039;-68
2026/07/26 11:22:56;;;;;;;4.47;2.17;;;;;;;31.06;41.48;166939.59;5488736;26;20013;-68
2026/07/26 11:25:25;;;;;;;6.20;1.75;;;;;;;31.38;41.57;167024.69;5488586;26;19994;-68
2026/07/26 11:27:51;;;;;;;3.47;1.83;;;;;;;31.63;39.86;167088.25;5488749;26;20326;-68
2026/07/26 11:30:17;;;;;;;5.80;1.70;;;;;;;31.95;40.65;167174.75;5488447;26;20005;-68
2026/07/26 11:32:43;;;;;;;4.10;1.70;;;;;;;32.06;38.43;167203.19;5488274;26;20009;-69
2026/07/26 11:35:09;;;;;;;3.65;1.70;;;;;;;32.16;39.14;167230.19;5487978;26;20002;-69
2026/07/26 11:37:35;;;;;;;3.45;2.00;;;;;;;32.00;38.16;167186.97;5488142;26;20313;-69
2026/07/26 11:40:02;;;;;;;4.63;1.70;;;;;;;31.72;38.57;167113.91;5488767;26;20005;-69
2026/07/26 11:42:28;;;;;;;2.38;1.77;;;;;;;31.27;38.86;166993.63;5488985;26;20010;-68
2026/07/26 11:44:54;;;;;;;3.63;1.70;;;;;;;31.05;39.95;166935.53;5488564;26;20013;-68
2026/07/26 11:47:20;;;;;;;3.55;1.90;;;;;;;31.54;39.46;167066.63;5488292;26;19994;-68
2026/07/26 11:49:46;;;;;;;3.03;1.83;;;;;;;31.69;39.77;167105.81;5488033;26;20002;-68
2026/07/26 11:52:12;;;;;;;4.28;1.77;;;;;;;31.68;38.55;167101.75;5488292;26;20039;-68
2026/07/26 11:54:38;;;;;;;4.03;1.92;;;;;;;32.09;38.60;167209.94;5488422;26;20346;-68
2026/07/26 11:57:04;;;;;;;2.88;1.80;;;;;;;32.04;39.36;167196.38;5488413;26;20009;-68
2026/07/26 11:59:30;;;;;;;4.95;1.80;;;;;;;31.39;39.14;167027.41;5488299;26;20073;-68
2026/07/26 12:01:57;;;;;;;3.97;1.92;;;;;;;31.27;39.50;166993.63;5488078;26;19998;-68
2026/07/26 12:04:23;;;;;;;4.35;2.15;;;;;;;31.03;40.31;166930.13;5488134;26;20512;-68
2026/07/26 12:06:49;;;;;;;3.65;1.77;;;;;;;31.02;41.35;166927.44;5488409;26;20006;-68
2026/07/26 12:09:15;;;;;;;4.60;1.88;;;;;;;30.96;40.27;166913.91;5487978;26;20006;-68
2026/07/26 12:11:40;;;;;;;2.78;2.17;;;;;;;31.37;39.52;167020.63;5487784;26;19994;-68
2026/07/26 12:14:07;;;;;;;5.88;1.70;;;;;;;31.69;39.99;167104.47;5486945;26;20312;-69
2026/07/26 12:16:32;;;;;;;4.40;2.10;;;;;;;31.45;39.35;167042.31;5487737;26;20006;-68
2026/07/26 12:18:58;;;;;;;3.80;1.80;;;;;;;31.81;37.42;167136.88;5487840;26;20449;-68
2026/07/26 12:21:24;;;;;;;3.33;1.95;;;;;;;32.00;37.38;167188.31;5487715;26;20002;-67
2026/07/26 12:23:50;;;;;;;5.90;1.70;;;;;;;32.37;37.26;167285.63;5487848;26;20013;-68
2026/07/26 12:26:16;;;;;;;3.08;1.73;;;;;;;32.88;36.94;167419.47;5487521;26;20351;-68
2026/07/26 12:28:42;;;;;;;2.50;1.60;;;;;;;33.21;36.49;167506.06;5487906;26;19998;-68
2026/07/26 12:31:08;;;;;;;3.25;1.90;;;;;;;33.20;34.93;167503.38;5487664;26;20462;-68
2026/07/26 12:33:34;;;;;;;3.63;1.48;;;;;;;33.21;35.53;167507.41;5486112;26;19998;-69
2026/07/26 12:35:59;;;;;;;4.80;1.67;;;;;;;33.47;34.31;167573.69;5487710;26;19998;-69
2026/07/26 12:38:25;;;;;;;2.50;1.80;;;;;;;33.34;33.84;167541.22;5486614;26;20357;-68
2026/07/26 12:40:51;;;;;;;3.28;1.67;;;;;;;33.20;35.24;167503.38;5487413;26;20002;-68
2026/07/26 12:43:17;;;;;;;2.05;1.77;;;;;;;33.47;35.14;167575.03;5487528;26;19994;-68
2026/07/26 12:45:43;;;;;;;3.17;1.65;;;;;;;33.53;34.91;167589.88;5487372;26;20407;-68
2026/07/26 12:48:09;;;;;;;5.70;2.20;;;;;;;33.49;33.65;167580.47;5486627;26;20009;-69
2026/07/26 12:50:35;;;;;;;3.35;1.90;;;;;;;33.39;33.61;167553.38;5486402;26;19994;-69
2026/07/26 12:53:00;;;;;;;3.88;1.75;;;;;;;33.47;33.58;167573.69;5487565;26;20428;-69
2026/07/26 12:55:26;;;;;;;4.88;1.92;;;;;;;33.47;34.50;167575.03;5487471;26;19998;-69
2026/07/26 12:57:52;;;;;;;2.63;1.67;;;;;;;33.25;33.94;167516.88;5487328;26;19999;-68
2026/07/26 13:00:18;;;;;;;4.50;1.75;;;;;;;33.62;33.17;167614.31;5487338;26;20839;-68
2026/07/26 13:02:44;;;;;;;4.07;2.00;;;;;;;33.59;33.52;167606.19;5487179;26;20381;-68
2026/07/26 13:05:10;;;;;;;4.25;1.60;;;;;;;33.58;32.84;167604.84;5460795;26;20013;-70
2026/07/26 13:07:36;;;;;;;4.63;2.05;;;;;;;33.87;33.12;167679.25;5467654;26;20003;-69
2026/07/26 13:10:05;;;;;;;5.35;2.15;;;;;;;33.93;31.34;167695.44;5476132;26;20018;-69
2026/07/26 13:12:31;;;;;;;2.80;1.80;;;;;;;33.62;32.66;167615.66;5486680;26;20030;-69
2026/07/26 13:14:56;;;;;;;4.47;1.83;;;;;;;33.50;32.04;167581.78;5487070;26;20310;-69
2026/07/26 13:17:22;;;;;;;5.15;2.08;;;;;;;33.09;32.82;167474.97;5486536;26;20017;-69
2026/07/26 13:19:48;;;;;;;3.08;1.70;;;;;;;33.03;33.33;167458.69;5487055;26;20321;-69
2026/07/26 13:22:14;;;;;;;3.17;1.88;;;;;;;32.35;33.99;167278.84;5486412;26;20010;-70
2026/07/26 13:24:40;;;;;;;4.60;1.88;;;;;;;32.52;33.77;167323.50;5487057;26;19994;-68
2026/07/26 13:27:06;;;;;;;5.88;2.25;;;;;;;32.60;34.43;167345.16;5486104;26;20460;-69
2026/07/26 13:29:32;;;;;;;4.85;2.22;;;;;;;32.74;33.77;167382.97;5486552;26;20008;-69
2026/07/26 13:31:58;;;;;;;4.35;1.92;;;;;;;32.90;34.01;167423.53;5486666;26;19998;-69
2026/07/26 13:34:23;;;;;;;4.53;2.00;;;;;;;32.73;34.22;167380.31;5486571;26;20002;-69
2026/07/26 13:36:49;;;;;;;3.00;1.98;;;;;;;32.58;34.35;167339.75;5486715;26;20017;-69
2026/07/26 13:39:15;;;;;;;5.25;2.17;;;;;;;32.47;34.50;167309.97;5486616;26;20009;-69
2026/07/26 13:41:41;;;;;;;5.15;1.88;;;;;;;31.93;36.22;167169.34;5486494;26;19998;-69
2026/07/26 13:44:07;;;;;;;3.85;2.05;;;;;;;32.35;36.22;167278.84;5487526;26;20434;-70
2026/07/26 13:46:33;;;;;;;3.38;2.10;;;;;;;32.25;36.38;167251.84;5490072;26;20004;-69
2026/07/26 13:48:59;;;;;;;3.60;1.88;;;;;;;31.76;36.77;167124.72;5490450;26;19998;-68
2026/07/26 13:51:25;;;;;;;3.33;1.83;;;;;;;31.87;36.70;167153.13;5490371;26;19994;-68
2026/07/26 13:53:51;;;;;;;3.97;2.00;;;;;;;31.70;38.01;167108.50;5490010;26;20447;-68
2026/07/26 13:56:16;;;;;;;2.67;1.95;;;;;;;32.24;37.08;167249.09;5489713;26;19994;-69
2026/07/26 13:58:42;;;;;;;5.70;2.22;;;;;;;32.20;36.12;167241.00;5489426;26;19997;-69
2026/07/26 14:01:08;;;;;;;3.67;2.10;;;;;;;32.16;37.61;167230.19;5489551;26;20017;-69
2026/07/26 14:03:34;;;;;;;4.63;2.00;;;;;;;32.90;36.65;167423.53;5489754;26;19998;-70
2026/07/26 14:06:00;;;;;;;5.07;2.40;;;;;;;32.76;34.78;167388.41;5490015;26;20018;-70
2026/07/26 14:08:26;;;;;;;2.63;1.80;;;;;;;33.29;34.82;167527.72;5489883;26;20064;-70
2026/07/26 14:10:52;;;;;;;5.07;2.10;;;;;;;33.66;32.42;167625.09;5489815;26;20022;-70
2026/07/26 14:13:18;;;;;;;7.90;2.30;;;;;;;33.56;31.77;167599.38;5489992;26;20002;-69
2026/07/26 14:15:43;;;;;;;3.58;2.10;;;;;;;33.88;32.72;167683.25;5489902;26;20440;-70
2026/07/26 14:18:09;;;;;;;3.17;2.15;;;;;;;33.62;31.71;167615.66;5489542;26;19998;-69
2026/07/26 14:20:35;;;;;;;4.13;2.17;;;;;;;33.64;32.59;167619.75;5489480;26;19994;-69
2026/07/26 14:23:01;;;;;;;4.85;2.47;;;;;;;34.02;32.88;167719.81;5489655;26;20400;-70
2026/07/26 14:25:27;;;;;;;3.35;2.00;;;;;;;34.29;33.09;167790.22;5489816;26;20016;-70
2026/07/26 14:27:53;;;;;;;2.33;1.95;;;;;;;34.02;32.30;167721.16;5489236;26;20367;-70
2026/07/26 14:30:19;;;;;;;2.80;1.98;;;;;;;33.87;32.17;167679.25;5489318;26;20349;-70
2026/07/26 14:32:45;;;;;;;3.75;2.05;;;;;;;33.85;32.17;167676.50;5489899;26;20009;-70
2026/07/26 14:35:10;;;;;;;3.80;2.10;;;;;;;34.02;32.23;167719.81;5489066;26;19998;-70
2026/07/26 14:37:36;;;;;;;5.10;2.10;;;;;;;34.13;32.71;167748.22;5489016;26;20021;-69
2026/07/26 14:40:04;;;;;;;3.28;2.00;;;;;;;33.85;32.24;167675.16;5489753;26;20002;-69
2026/07/26 14:42:29;;;;;;;4.30;2.20;;;;;;;33.73;32.18;167644.06;5489723;26;20006;-70
2026/07/26 14:44:55;;;;;;;5.63;2.22;;;;;;;33.01;33.20;167453.28;5489228;26;20013;-70
2026/07/26 14:47:21;;;;;;;3.75;1.98;;;;;;;32.56;34.03;167335.66;5488912;26;20013;-70
2026/07/26 14:49:47;;;;;;;3.80;2.28;;;;;;;32.67;33.65;167364.06;5488931;26;20452;-70
2026/07/26 14:52:13;;;;;;;3.47;2.15;;;;;;;32.51;33.93;167320.78;5489325;26;20006;-70
2026/07/26 14:54:39;;;;;;;3.22;1.95;;;;;;;31.96;34.73;167176.09;5489190;26;20013;-69
2026/07/26 14:57:05;;;;;;;3.67;2.15;;;;;;;31.72;35.06;167113.91;5488223;26;19998;-69
2026/07/26 14:59:30;;;;;;;4.43;2.28;;;;;;;31.12;37.73;166954.44;5488890;26;20002;-69
2026/07/26 15:01:56;;;;;;;5.00;2.10;;;;;;;30.87;42.05;166888.25;5489394;26;20009;-69
2026/07/26 15:04:22;;;;;;;3.83;2.50;;;;;;;30.69;43.19;166842.28;5489369;26;19998;-69
2026/07/26 15:06:48;;;;;;;4.00;2.20;;;;;;;30.38;44.19;166758.56;5473840;26;20550;-69
2026/07/26 15:09:14;;;;;;;4.43;2.38;;;;;;;30.42;41.35;166769.38;5489050;26;20383;-70
2026/07/26 15:11:40;;;;;;;2.90;2.25;;;;;;;30.21;40.15;166715.25;5488306;26;20009;-69
2026/07/26 15:14:06;;;;;;;6.90;2.10;;;;;;;30.11;45.88;166688.28;5488243;26;19998;-69
2026/07/26 15:16:32;;;;;;;3.08;2.10;;;;;;;29.95;47.14;166646.41;5488850;26;20460;-69
2026/07/26 15:18:57;;;;;;;3.75;1.85;;;;;;;30.02;47.49;166663.97;5489030;26;19995;-69
2026/07/26 15:21:23;;;;;;;3.13;1.92;;;;;;;30.17;47.44;166705.81;5488906;26;20009;-69
2026/07/26 15:23:49;;;;;;;3.67;1.95;;;;;;;29.99;48.36;166657.19;5488871;26;19998;-69
2026/07/26 15:26:15;;;;;;;7.35;2.25;;;;;;;29.72;49.51;166586.97;5488730;26;20009;-69
2026/07/26 15:28:41;;;;;;;5.18;2.03;;;;;;;29.61;50.45;166557.22;5488647;26;19998;-69
2026/07/26 15:31:07;;;;;;;7.47;2.13;;;;;;;29.63;50.67;166561.28;5488500;26;20048;-69
2026/07/26 15:33:33;;;;;;;4.45;2.10;;;;;;;29.63;50.68;166561.28;5473646;26;19998;-69
2026/07/26 15:35:59;;;;;;;4.65;1.85;;;;;;;29.46;51.66;166518.09;5488819;26;20009;-69
2026/07/26 15:38:25;;;;;;;7.95;2.60;;;;;;;29.54;51.43;166538.34;5488332;26;20016;-69
2026/07/26 15:40:50;;;;;;;7.60;2.10;;;;;;;29.55;50.75;166542.41;5488550;26;19998;-69
2026/07/26 15:43:16;;;;;;;3.88;2.13;;;;;;;29.45;51.68;166514.03;5488461;26;19998;-69
2026/07/26 15:45:42;;;;;;;4.25;2.10;;;;;;;29.22;51.86;166454.66;5488289;26;19999;-69
2026/07/26 15:48:08;;;;;;;5.43;2.58;;;;;;;29.24;49.20;166458.72;5487966;26;20432;-68
2026/07/26 15:50:34;;;;;;;5.93;2.50;;;;;;;29.00;50.06;166395.22;5487734;26;19998;-68
2026/07/26 15:53:00;;;;;;;3.50;2.30;;;;;;;29.02;51.80;166401.97;5488211;26;20013;-68
2026/07/26 15:55:26;;;;;;;3.85;2.08;;;;;;;29.10;52.83;166422.25;5488417;26;20002;-69
2026/07/26 15:57:52;;;;;;;4.30;2.17;;;;;;;29.22;52.48;166454.66;5488368;26;20399;-69
2026/07/26 16:00:17;;;;;;;3.15;2.08;;;;;;;29.31;52.27;166477.59;5488095;26;19998;-68
2026/07/26 16:02:43;;;;;;;3.35;2.20;;;;;;;29.62;51.72;166559.94;5488427;26;19994;-69
2026/07/26 16:05:09;;;;;;;3.63;2.13;;;;;;;29.92;48.66;166639.63;5488260;26;20447;-69
2026/07/26 16:07:35;;;;;;;30.42;4.70;;;;;;;30.31;48.88;166741.00;5487714;26;19994;-69
2026/07/26 16:10:01;;;;;;;4.63;2.15;;;;;;;30.27;49.12;166730.13;5488443;26;20079;-70
2026/07/26 16:12:27;;;;;;;8.00;2.30;;;;;;;30.27;48.44;166731.53;5488071;26;20002;-69
2026/07/26 16:14:53;;;;;;;8.00;1.73;;;;;;;30.14;48.81;166697.69;5488002;26;20013;-69
2026/07/26 16:17:18;;;;;;;17.42;8.10;;;;;;;30.03;48.92;166666.66;5488303;26;20009;-68
2026/07/26 16:19:44;;;;;;;3.90;2.20;;;;;;;30.05;48.80;166673.41;5488026;26;19998;-69
2026/07/26 16:22:10;;;;;;;3.88;2.30;;;;;;;29.78;50.20;166601.84;5487735;26;20001;-69
2026/07/26 16:24:36;;;;;;;4.60;2.22;;;;;;;29.72;50.72;166585.63;5487905;26;20002;-69
2026/07/26 16:27:02;;;;;;;6.47;2.42;;;;;;;29.74;50.67;166591.03;5487283;26;20009;-69
2026/07/26 16:29:28;;;;;;;2.65;2.22;;;;;;;29.72;51.01;166586.97;5487811;26;20025;-69
2026/07/26 16:31:54;;;;;;;4.68;2.22;;;;;;;29.83;49.42;166615.34;5488031;26;20005;-69
2026/07/26 16:34:20;;;;;;;6.28;2.65;;;;;;;29.44;56.15;166512.69;5487859;26;20001;-69
2026/07/26 16:36:46;;;;;;;4.72;2.28;;;;;;;29.19;59.31;166445.19;5487871;26;20448;-69
2026/07/26 16:39:11;;;;;;;4.53;2.55;;;;;;;29.16;60.67;166437.09;5487595;26;20002;-69
2026/07/26 16:41:37;;;;;;;3.22;1.98;;;;;;;29.12;62.13;166428.97;5487705;26;20009;-69
2026/07/26 16:44:03;;;;;;;5.15;2.83;;;;;;;28.85;62.22;166357.41;5487834;26;20429;-69
2026/07/26 16:46:29;;;;;;;4.78;2.53;;;;;;;28.72;62.04;166323.72;5487706;26;20004;-69
2026/07/26 16:48:55;;;;;;;3.88;2.40;;;;;;;28.50;63.36;166265.69;5486929;26;19999;-69
2026/07/26 16:51:21;;;;;;;5.72;2.70;;;;;;;28.20;64.36;166184.66;5487232;26;20006;-70
2026/07/26 16:53:47;;;;;;;12.57;2.92;;;;;;;27.83;65.40;166088.78;5487518;26;20353;-69
2026/07/26 16:56:12;;;;;;;4.43;2.60;;;;;;;27.96;64.74;166122.59;5487441;26;20013;-69
2026/07/26 16:58:38;;;;;;;2.97;2.42;;;;;;;27.88;64.54;166102.38;5486837;26;20020;-69
2026/07/26 17:01:04;;;;;;;5.68;2.80;;;;;;;27.89;65.28;166105.06;5487609;26;20313;-69
2026/07/26 17:03:30;;;;;;;6.15;3.17;;;;;;;27.72;65.72;166059.13;5486630;26;19998;-69
2026/07/26 17:05:56;;;;;;;3.97;2.58;;;;;;;27.57;66.65;166018.66;5487243;26;20455;-69
2026/07/26 17:08:22;;;;;;;6.00;2.72;;;;;;;27.54;67.00;166010.59;5487210;26;19998;-69
2026/07/26 17:10:48;;;;;;;5.60;2.42;;;;;;;27.39;67.59;165972.84;5487459;26;20013;-68
2026/07/26 17:13:14;;;;;;;3.47;2.40;;;;;;;27.35;67.90;165960.72;5471686;26;19998;-68
2026/07/26 17:15:40;;;;;;;3.50;2.40;;;;;;;27.40;67.08;165974.19;5487054;26;20002;-69
2026/07/26 17:18:05;;;;;;;7.28;2.75;;;;;;;27.48;66.72;165995.78;5487100;26;20002;-69
2026/07/26 17:20:31;;;;;;;5.03;2.58;;;;;;;27.33;67.64;165955.31;5490022;26;20322;-69
2026/07/26 17:22:57;;;;;;;42.75;4.75;;;;;;;27.35;66.71;165962.03;5490747;26;20002;-70
2026/07/26 17:25:23;;;;;;;6.50;2.55;;;;;;;27.24;68.61;165932.38;5490689;26;20011;-69
2026/07/26 17:27:49;;;;;;;4.57;2.72;;;;;;;27.30;68.37;165948.53;5490565;26;20425;-69
2026/07/26 17:30:15;;;;;;;3.47;2.90;;;;;;;27.08;69.24;165890.53;5490859;26;20009;-68
2026/07/26 17:32:41;;;;;;;3.83;2.58;;;;;;;27.21;69.03;165924.25;5490554;26;19998;-68
2026/07/26 17:35:06;;;;;;;3.20;2.33;;;;;;;27.22;69.42;165928.31;5489467;26;20429;-68
2026/07/26 17:37:32;;;;;;;4.20;2.28;;;;;;;27.22;69.69;165928.31;5489341;26;20010;-68
2026/07/26 17:39:59;;;;;;;6.10;2.33;;;;;;;27.20;68.96;165921.53;5490401;26;20404;-68
2026/07/26 17:42:24;;;;;;;6.32;2.60;;;;;;;27.22;68.68;165926.97;5490165;26;20006;-69
2026/07/26 17:44:50;;;;;;;3.50;2.70;;;;;;;27.31;67.71;165951.25;5490410;26;19999;-68
2026/07/26 17:47:16;;;;;;;5.15;2.65;;;;;;;27.34;66.99;165959.31;5490157;26;20017;-69
2026/07/26 17:49:42;;;;;;;2.83;2.40;;;;;;;27.42;67.01;165979.56;5490072;26;20440;-68
2026/07/26 17:52:08;;;;;;;7.00;2.70;;;;;;;27.48;66.60;165997.09;5489966;26;20064;-67
2026/07/26 17:54:34;;;;;;;3.70;2.58;;;;;;;27.36;68.68;165964.72;5490082;26;20002;-69
2026/07/26 17:57:00;;;;;;;5.03;2.72;;;;;;;27.17;70.16;165913.41;5490275;26;20060;-68
2026/07/26 17:59:25;;;;;;;26.50;4.03;;;;;;;27.22;70.49;165928.31;5489843;26;19997;-68
2026/07/26 18:01:51;;;;;;;4.75;3.00;;;;;;;27.05;71.07;165882.41;5490239;26;20014;-68
2026/07/26 18:04:17;;;;;;;5.63;2.60;;;;;;;27.08;71.24;165890.53;5489762;26;20336;-68
2026/07/26 18:06:43;;;;;;;5.57;2.50;;;;;;;27.08;71.22;165890.53;5489914;26;20009;-69
2026/07/26 18:09:09;;;;;;;5.72;2.90;;;;;;;26.92;72.54;165847.34;5489793;26;20524;-69
2026/07/26 18:11:35;;;;;;;4.95;2.75;;;;;;;26.75;73.61;165804.22;5489135;26;20013;-69
2026/07/26 18:14:01;;;;;;;4.80;3.05;;;;;;;26.81;73.69;165820.41;5488856;26;20437;-68
2026/07/26 18:16:27;;;;;;;4.63;2.65;;;;;;;26.83;73.92;165825.78;5489685;26;19998;-68
2026/07/26 18:18:52;;;;;;;6.18;3.10;;;;;;;26.76;74.99;165805.56;5490002;26;19998;-69
2026/07/26 18:21:18;;;;;;;4.25;2.75;;;;;;;26.81;74.56;165819.03;5489854;26;20012;-68
2026/07/26 18:23:44;;;;;;;2.72;2.40;;;;;;;26.82;74.81;165823.09;5489837;26;20329;-68
2026/07/26 18:26:10;;;;;;;5.00;3.55;;;;;;;26.79;75.83;165813.63;5489809;26;19998;-69
2026/07/26 18:28:36;;;;;;;3.70;2.78;;;;;;;26.76;76.09;165805.56;5489464;26;20002;-69
2026/07/26 18:31:02;;;;;;;3.78;2.67;;;;;;;26.74;76.59;165800.16;5488190;26;20507;-68
2026/07/26 18:33:27;;;;;;;4.70;3.10;;;;;;;26.71;77.19;165793.44;5489156;26;20002;-68
2026/07/26 18:35:54;;;;;;;5.50;2.90;;;;;;;26.66;77.25;165781.31;5489337;26;20039;-69
2026/07/26 18:38:20;;;;;;;4.45;2.60;;;;;;;26.56;77.64;165753.00;5489321;26;20488;-68
2026/07/26 18:40:46;;;;;;;5.85;3.17;;;;;;;26.51;77.97;165739.47;5489532;26;20072;-69
2026/07/26 18:43:12;;;;;;;4.05;2.95;;;;;;;26.40;78.36;165711.16;5489332;26;19998;-69
2026/07/26 18:45:38;;;;;;;5.63;3.03;;;;;;;26.41;78.51;165713.81;5489395;26;20464;-69
2026/07/26 18:48:04;;;;;;;3.95;2.90;;;;;;;26.34;78.85;165694.97;5488472;26;19998;-68
2026/07/26 18:50:29;;;;;;;5.63;2.83;;;;;;;26.33;77.68;165692.28;5488754;26;19994;-68
2026/07/26 18:52:55;;;;;;;3.25;2.78;;;;;;;26.22;77.12;165665.31;5489271;26;19998;-68
2026/07/26 18:55:21;;;;;;;4.00;3.10;;;;;;;26.08;80.17;165627.59;5488650;26;19998;-68
2026/07/26 18:57:47;;;;;;;4.38;2.90;;;;;;;26.13;79.30;165641.06;5488992;26;20475;-68
2026/07/26 19:00:13;;;;;;;6.75;3.10;;;;;;;26.16;79.12;165647.78;5488942;26;20002;-67
2026/07/26 19:02:39;;;;;;;4.60;3.00;;;;;;;26.18;79.36;165654.53;5488849;26;20013;-67
2026/07/26 19:05:05;;;;;;;5.03;2.70;;;;;;;26.14;78.79;165642.41;5488924;26;20002;-69
2026/07/26 19:07:30;;;;;;;4.10;2.90;;;;;;;26.21;79.00;165661.25;5488987;26;20009;-69
2026/07/26 19:09:56;;;;;;;3.97;2.67;;;;;;;26.17;78.32;165651.84;5489104;26;19998;-69
2026/07/26 19:12:22;;;;;;;4.97;2.97;;;;;;;26.20;78.75;165659.91;5488759;26;20324;-68
2026/07/26 19:14:48;;;;;;;4.95;2.78;;;;;;;26.16;78.10;165649.13;5488745;26;20002;-69
2026/07/26 19:17:14;;;;;;;4.80;2.75;;;;;;;26.11;78.10;165635.66;5488706;26;20009;-68
2026/07/26 19:19:40;;;;;;;4.50;2.90;;;;;;;26.04;77.81;165616.81;5488582;26;20441;-68
2026/07/26 19:22:06;;;;;;;4.10;3.10;;;;;;;25.86;78.05;165569.59;5488778;26;19998;-68
2026/07/26 19:24:32;;;;;;;4.97;3.42;;;;;;;25.78;78.72;165549.34;5488148;26;20013;-68
2026/07/26 19:26:57;;;;;;;4.60;3.17;;;;;;;25.72;78.66;165533.16;5487873;26;20005;-67
2026/07/26 19:29:23;;;;;;;5.07;3.20;;;;;;;25.71;79.05;165530.50;5488675;26;19998;-68
2026/07/26 19:31:49;;;;;;;5.47;3.20;;;;;;;25.70;79.20;165526.44;5488426;26;20676;-69
2026/07/26 19:34:15;;;;;;;5.35;3.00;;;;;;;25.71;79.60;165530.50;5488771;26;20013;-68
2026/07/26 19:36:41;;;;;;;4.68;3.22;;;;;;;25.65;79.98;165515.66;5488724;26;20002;-68
2026/07/26 19:39:07;;;;;;;4.22;3.05;;;;;;;25.56;80.37;165491.41;5488598;26;19998;-68
2026/07/26 19:41:33;;;;;;;5.55;2.97;;;;;;;25.39;81.48;165445.59;5487355;26;20017;-68
2026/07/26 19:43:59;;;;;;;5.10;3.22;;;;;;;25.38;81.97;165442.91;5488287;26;19994;-68
2026/07/26 19:46:24;;;;;;;7.18;3.65;;;;;;;25.35;81.92;165436.19;5488139;26;20009;-68
2026/07/26 19:48:50;;;;;;;4.50;2.92;;;;;;;25.32;82.17;165426.72;5488182;26;19998;-67
2026/07/26 20:08:58;;;;;;;5.50;3.25;;;;;;;24.74;88.23;165274.47;5416278;26;20442;-67
2026/07/26 20:11:24;;;;;;;5.10;3.70;;;;;;;24.70;88.26;165263.69;5397295;26;19996;-68
2026/07/26 20:13:50;;;;;;;5.32;3.70;;;;;;;24.62;89.14;165243.50;5393846;26;20014;-68
2026/07/26 20:16:16;;;;;;;11.63;3.97;;;;;;;24.57;89.42;165230.06;5372257;26;20000;-68
2026/07/26 20:18:42;;;;;;;4.65;3.40;;;;;;;24.53;90.24;165219.28;5362083;26;20019;-68
2026/07/26 20:21:07;;;;;;;7.95;3.60;;;;;;;24.48;90.06;165207.16;5376172;26;20338;-68
2026/07/26 20:23:33;;;;;;;7.03;4.10;;;;;;;24.50;90.09;165212.53;5389556;26;20107;-68
2026/07/26 20:25:59;;;;;;;5.95;3.63;;;;;;;24.42;90.44;165192.25;5362422;26;19997;-69
2026/07/26 20:28:25;;;;;;;4.95;3.58;;;;;;;24.36;90.67;165176.09;5361719;26;20593;-68
2026/07/26 20:30:51;;;;;;;5.45;4.03;;;;;;;24.35;91.38;165172.09;5372951;26;20015;-68
2026/07/26 20:33:17;;;;;;;4.97;3.88;;;;;;;24.28;91.96;165153.19;5379717;26;20000;-68
2026/07/26 20:35:43;;;;;;;7.82;4.00;;;;;;;24.23;92.10;165141.09;5371122;26;20015;-68
2026/07/26 20:38:08;;;;;;;5.25;3.45;;;;;;;24.15;93.12;165119.56;5366806;26;20347;-68
2026/07/26 20:40:34;;;;;;;7.93;4.03;;;;;;;24.10;92.83;165107.47;5368979;26;20005;-68
2026/07/26 20:43:00;;;;;;;6.18;3.95;;;;;;;24.05;93.31;165093.97;5383023;26;19992;-68
2026/07/26 20:45:26;;;;;;;6.45;3.60;;;;;;;23.93;94.39;165061.69;5381296;26;20445;-69
2026/07/26 20:47:52;;;;;;;6.03;3.78;;;;;;;23.86;94.86;165044.16;5397193;26;20000;-68
2026/07/26 20:50:18;;;;;;;6.88;3.97;;;;;;;23.79;95.65;165026.66;5379361;26;19997;-68
2026/07/26 20:52:44;;;;;;;4.55;3.70;;;;;;;23.79;95.21;165026.66;5361796;26;19997;-68
2026/07/26 20:55:12;;;;;;;6.70;3.92;;;;;;;23.76;95.94;165018.56;5376116;26;20042;-68
2026/07/26 20:57:37;;;;;;;5.85;3.83;;;;;;;23.76;96.52;165018.56;5361839;26;19997;-68
2026/07/26 21:00:04;;;;;;;4.68;3.63;;;;;;;23.76;96.72;165018.56;5371339;26;20018;-68
2026/07/26 21:02:30;;;;;;;5.63;3.90;;;;;;;23.78;96.60;165023.94;5367523;26;19996;-68
2026/07/26 21:04:56;;;;;;;4.43;3.40;;;;;;;23.81;96.30;165029.34;5396910;26;20449;-68
2026/07/26 21:20:23;;;;;;;4.38;3.13;;;;;;;23.77;95.44;165021.28;5389060;25;20454;-70
2026/07/26 21:22:49;;;;;;;8.00;3.65;;;;;;;23.77;94.87;165019.94;5321131;26;20009;-71
2026/07/26 21:25:15;;;;;;;4.82;3.50;;;;;;;23.75;94.88;165015.88;5311202;26;20013;-71
2026/07/26 21:27:40;;;;;;;5.07;3.30;;;;;;;23.79;94.76;165025.34;5308955;26;20002;-71
2026/07/26 21:30:06;;;;;;;5.20;3.70;;;;;;;23.78;95.16;165023.94;5309210;26;19998;-71
2026/07/26 21:32:32;;;;;;;3.80;3.15;;;;;;;23.78;94.54;165022.63;5297396;26;20044;-71
2026/07/26 21:34:58;;;;;;;4.45;3.03;;;;;;;23.78;94.63;165023.94;5292813;26;20340;-71
2026/07/26 21:37:24;;;;;;;4.65;3.78;;;;;;;23.77;94.77;165019.94;5310838;26;20009;-70
2026/07/26 21:39:50;;;;;;;6.30;4.03;;;;;;;23.78;95.00;165022.63;5310065;26;20005;-70
2026/07/26 21:42:16;;;;;;;7.88;3.65;;;;;;;23.71;95.79;165003.72;5329143;26;20433;-70
2026/07/26 21:44:42;;;;;;;7.88;4.05;;;;;;;23.69;96.03;164998.34;5296454;26;20010;-70
2026/07/26 21:47:08;;;;;;;5.55;3.45;;;;;;;23.63;95.87;164983.50;5295900;26;20002;-70
2026/07/26 21:49:34;;;;;;;5.25;3.47;;;;;;;23.64;95.97;164986.22;5312313;26;20342;-72
2026/07/26 21:52:00;;;;;;;4.15;3.00;;;;;;;23.60;95.46;164975.47;5336666;26;20005;-70
2026/07/26 21:54:25;;;;;;;5.63;3.00;;;;;;;23.56;95.60;164964.69;5313288;26;20312;-71
2026/07/26 21:56:51;;;;;;;5.82;3.22;;;;;;;23.55;96.37;164962.00;5322244;26;20006;-70
2026/07/26 21:59:17;;;;;;;3.80;3.13;;;;;;;23.59;96.00;164972.78;5318757;26;20005;-71
2026/07/26 22:01:43;;;;;;;5.20;3.30;;;;;;;23.58;96.17;164970.06;5335279;26;20016;-71
2026/07/26 22:04:09;;;;;;;4.75;3.33;;;;;;;23.51;96.87;164952.56;5327688;26;20005;-71
2026/07/26 22:06:35;;;;;;;33.88;5.13;;;;;;;23.54;97.01;164960.69;5327454;26;20002;-71
2026/07/26 22:09:01;;;;;;;3.67;3.10;;;;;;;23.51;97.32;164952.56;5348861;26;20004;-71
2026/07/26 22:11:27;;;;;;;3.75;3.03;;;;;;;23.47;98.19;164940.47;5348613;26;20037;-70
2026/07/26 22:13:52;;;;;;;6.05;3.72;;;;;;;23.43;97.96;164931.00;5332580;26;20350;-71
2026/07/26 22:16:18;;;;;;;5.95;3.00;;;;;;;23.41;99.32;164924.28;5324799;26;20108;-71
2026/07/26 22:18:44;;;;;;;5.70;3.58;;;;;;;23.34;100.00;164908.19;5306938;26;20005;-71
2026/07/26 22:21:10;;;;;;;6.63;3.63;;;;;;;23.29;100.00;164894.69;5288666;26;20459;-71
2026/07/26 22:23:36;;;;;;;5.05;3.47;;;;;;;23.22;100.00;164874.53;5312297;26;20009;-70
2026/07/26 22:26:02;;;;;;;6.60;4.13;;;;;;;23.13;100.00;164852.97;5334303;26;20016;-71
2026/07/26 22:28:28;;;;;;;5.40;4.00;;;;;;;23.13;100.00;164851.63;5332744;26;19998;-70
2026/07/26 22:30:53;;;;;;;5.90;4.13;;;;;;;23.11;100.00;164847.59;5331968;26;20451;-70
2026/07/26 22:33:19;;;;;;;6.43;4.57;;;;;;;22.94;100.00;164803.16;5320703;26;20020;-70
2026/07/26 22:35:45;;;;;;;5.55;4.05;;;;;;;22.88;100.00;164785.66;5312185;26;19993;-70
2026/07/26 22:38:11;;;;;;;8.48;4.72;;;;;;;22.85;100.00;164777.56;5297883;26;20004;-70
2026/07/26 22:40:37;;;;;;;7.70;4.72;;;;;;;22.71;100.00;164741.25;5297675;26;20001;-70
2026/07/26 22:43:03;;;;;;;9.15;5.50;;;;;;;22.63;100.00;164719.69;5319969;26;19993;-70
2026/07/26 22:45:29;;;;;;;6.38;4.78;;;;;;;22.55;100.00;164700.88;5304141;26;20456;-70
2026/07/26 22:47:55;;;;;;;7.72;5.40;;;;;;;22.53;100.00;164695.50;5346582;26;20016;-70
2026/07/26 22:50:21;;;;;;;5.20;4.70;;;;;;;22.59;100.00;164708.94;5332052;26;20339;-69
2026/07/26 22:52:46;;;;;;;6.25;4.97;;;;;;;22.62;100.00;164717.03;5328041;26;20016;-69
2026/07/26 22:55:12;;;;;;;5.18;4.47;;;;;;;22.63;100.00;164721.03;5336306;26;19997;-69
2026/07/26 22:57:38;;;;;;;6.53;4.93;;;;;;;22.62;100.00;164717.03;5330276;26;20493;-69
2026/07/26 23:00:05;;;;;;;7.90;5.95;;;;;;;22.59;100.00;164708.94;5303870;26;20013;-69
2026/07/26 23:02:31;;;;;;;7.13;5.70;;;;;;;22.58;100.00;164706.25;5291991;26;20002;-69
2026/07/26 23:04:57;;;;;;;8.93;5.60;;;;;;;22.56;100.00;164702.22;5277799;26;19998;-69
2026/07/26 23:07:22;;;;;;;6.22;5.20;;;;;;;22.55;100.00;164699.53;5277744;26;20013;-69
2026/07/26 23:09:48;;;;;;;8.88;5.47;;;;;;;22.49;100.00;164683.38;5314618;26;19997;-70
2026/07/26 23:12:14;;;;;;;7.47;5.07;;;;;;;22.49;100.00;164684.72;5321410;26;19998;-70
2026/07/26 23:14:40;;;;;;;6.53;5.00;;;;;;;22.49;100.00;164683.38;5311706;26;20106;-70
2026/07/26 23:17:06;;;;;;;7.85;5.53;;;;;;;22.42;100.00;164665.91;5311405;26;20331;-70
2026/07/26 23:19:32;;;;;;;7.88;5.00;;;;;;;22.37;100.00;164652.47;5288838;26;19999;-70
2026/07/26 23:21:58;;;;;;;8.80;4.97;;;;;;;22.30;100.00;164634.97;5283874;26;20012;-69
2026/07/26 23:24:23;;;;;;;5.82;4.88;;;;;;;22.24;100.00;164617.50;5318794;26;20424;-70
2026/07/26 23:26:49;;;;;;;7.82;5.47;;;;;;;22.21;100.00;164609.34;5325623;26;20001;-69
2026/07/26 23:29:15;;;;;;;7.18;4.85;;;;;;;22.25;100.00;164620.16;5322189;26;19993;-70
2026/07/26 23:31:41;;;;;;;7.03;4.47;;;;;;;22.28;100.00;164629.59;5325290;26;20364;-69
2026/07/26 23:34:07;;;;;;;6.40;4.65;;;;;;;22.31;100.00;164637.66;5314294;26;20008;-69
2026/07/26 23:36:33;;;;;;;6.07;4.32;;;;;;;22.30;100.00;164633.63;5324783;26;19997;-71
2026/07/26 23:38:59;;;;;;;7.15;4.30;;;;;;;22.31;100.00;164636.31;5277785;26;20002;-71
2026/07/26 23:41:24;;;;;;;6.03;4.35;;;;;;;22.26;100.00;164622.88;5318445;26;20008;-71
2026/07/26 23:43:50;;;;;;;6.53;4.15;;;;;;;22.28;100.00;164629.59;5339601;26;20009;-71
2026/07/26 23:46:16;;;;;;;5.63;4.40;;;;;;;22.23;100.00;164614.78;5311278;26;20336;-71
2026/07/26 23:48:42;;;;;;;6.30;4.07;;;;;;;22.17;100.00;164598.63;5325100;26;20012;-71
2026/07/26 23:51:08;;;;;;;6.43;4.10;;;;;;;22.15;100.00;164595.91;5311201;26;20001;-71
2026/07/26 23:53:34;;;;;;;6.63;4.43;;;;;;;22.11;100.00;164585.13;5296904;26;20459;-71
2026/07/26 23:56:00;;;;;;;11.10;4.05;;;;;;;22.10;100.00;164581.13;5325422;26;20001;-71
2026/07/26 23:58:26;;;;;;;6.88;4.07;;;;;;;22.14;100.00;164593.22;5311154;26;20008;-71
